"id","sday","eday","natu","anthro","sex","adult","yearl","pup","dispers","reason"
1,5081,5091,0,0,1,1,0,0,1,1
1,5116,5141,0,1,1,1,0,0,1,1
2,6021,6097,0,0,0,0,0,1,0,1
2,6097,6187,0,0,0,0,0,1,0,1
2,6187,6278,0,0,0,0,1,0,0,1
2,6278,6370,0,0,0,0,1,0,0,1
2,6370,6462,0,0,0,0,1,0,0,1
2,6462,6552,0,0,0,0,1,0,0,1
2,6552,6643,0,0,0,1,0,0,0,1
2,6643,6735,0,0,0,1,0,0,0,1
2,6735,6827,0,0,0,1,0,0,0,1
2,6827,6918,0,0,0,1,0,0,0,1
2,6918,7009,0,0,0,1,0,0,0,1
2,7009,7101,0,0,0,1,0,0,0,1
2,7101,7193,0,0,0,1,0,0,0,1
2,7193,7283,0,0,0,1,0,0,0,1
2,7283,7374,0,0,0,1,0,0,0,1
2,7374,7466,0,0,0,1,0,0,0,1
2,7466,7558,0,0,0,1,0,0,1,1
2,7558,7648,0,0,0,1,0,0,0,1
2,7648,7739,0,0,0,1,0,0,0,1
2,7739,7831,0,0,0,1,0,0,0,1
2,7831,7923,0,0,0,1,0,0,0,1
2,7923,8013,0,0,0,1,0,0,0,1
2,8013,8104,0,0,0,1,0,0,0,1
2,8104,8196,0,0,0,1,0,0,0,1
2,8196,8288,0,0,0,1,0,0,0,1
2,8375,8463,0,1,0,1,0,0,1,1
3,6102,6187,0,0,1,0,0,1,0,1
3,6187,6278,0,0,1,0,1,0,0,1
3,6278,6370,0,0,1,0,1,0,0,1
3,6370,6462,0,0,1,0,1,0,0,1
3,6462,6552,0,0,1,0,1,0,0,1
3,6552,6643,0,0,1,1,0,0,1,1
3,6643,6735,0,0,1,1,0,0,1,1
3,6735,6827,0,0,1,1,0,0,0,1
3,6827,6918,0,0,1,1,0,0,0,1
3,6918,7009,0,0,1,1,0,0,0,1
3,7009,7101,0,0,1,1,0,0,0,1
3,7161,7253,0,0,1,1,0,0,0,1
3,7253,7343,0,0,1,1,0,0,1,1
3,7343,7434,0,0,1,1,0,0,1,1
3,7434,7526,0,0,1,1,0,0,1,1
3,7526,7618,0,0,1,1,0,0,1,1
3,7618,7708,0,0,1,1,0,0,0,1
3,7681,7772,0,0,1,1,0,0,0,1
4,6478,6552,0,0,0,0,1,0,0,1
4,6552,6643,0,0,0,1,0,0,0,1
4,6643,6735,0,0,0,1,0,0,0,1
4,6735,6827,0,0,0,1,0,0,0,1
4,6827,6918,0,0,0,1,0,0,0,1
4,6918,7009,0,0,0,1,0,0,0,1
4,7009,7101,0,0,0,1,0,0,0,1
4,7101,7193,0,0,0,1,0,0,0,1
4,7193,7283,0,0,0,1,0,0,0,1
4,7283,7374,0,0,0,1,0,0,0,1
4,7374,7466,0,0,0,1,0,0,0,1
4,7466,7558,0,0,0,1,0,0,1,1
4,7558,7648,0,0,0,1,0,0,0,1
4,7648,7739,0,0,0,1,0,0,0,1
4,7739,7831,0,0,0,1,0,0,0,1
4,7831,7923,0,0,0,1,0,0,0,1
4,7923,8013,0,0,0,1,0,0,0,1
4,8079,8146,1,0,0,1,0,0,0,1
5,6102,6187,0,0,0,0,0,1,0,1
5,6187,6278,0,0,0,0,1,0,0,1
5,6278,6370,0,0,0,0,1,0,0,1
5,6370,6462,0,0,0,0,1,0,0,1
5,6462,6552,0,0,0,0,1,0,0,1
5,6552,6643,0,0,0,1,0,0,0,1
5,6643,6735,0,0,0,1,0,0,0,1
5,6735,6827,0,0,0,1,0,0,0,1
5,6827,6918,0,0,0,1,0,0,0,1
5,6918,7009,0,0,0,1,0,0,0,1
5,7009,7101,0,0,0,1,0,0,0,1
5,7101,7193,0,0,0,1,0,0,0,1
5,7193,7283,0,0,0,1,0,0,0,1
5,7283,7374,0,0,0,1,0,0,0,1
5,7374,7466,0,0,0,1,0,0,0,1
5,7466,7558,0,0,0,1,0,0,0,1
5,7558,7648,0,0,0,1,0,0,1,1
5,7648,7739,0,0,0,1,0,0,0,1
5,7739,7831,0,0,0,1,0,0,0,1
5,7831,7923,0,0,0,1,0,0,0,1
5,7923,8013,0,0,0,1,0,0,0,1
5,8013,8104,0,0,0,1,0,0,0,1
5,8104,8196,0,0,0,1,0,0,0,1
5,8196,8288,0,0,0,1,0,0,0,1
5,8288,8363,0,0,0,1,0,0,0,1
5,8363,8454,0,0,0,0,0,0,0,1
5,8454,8546,0,0,0,0,0,0,0,1
5,8546,8638,0,0,0,0,0,0,0,1
6,5086,5091,0,0,0,1,0,0,0,1
6,5091,5182,0,0,0,1,0,0,0,1
6,5182,5274,0,0,0,1,0,0,0,1
6,5274,5366,0,0,0,1,0,0,0,1
6,5455,5545,0,1,0,1,0,0,1,1
6,5977,5983,0,1,1,0,0,1,0,1
7,5977,6006,0,0,0,0,0,1,0,1
7,6006,6098,0,0,0,0,0,1,0,1
7,6098,6188,0,0,0,0,0,1,1,1
7,6262,6338,1,0,0,0,1,0,1,1
8,6502,6552,0,0,1,0,1,0,0,1
8,6552,6643,0,0,1,1,0,0,0,1
8,6643,6735,0,0,1,1,0,0,0,1
8,6735,6827,0,0,1,1,0,0,0,1
8,6827,6918,0,0,1,1,0,0,0,1
8,6918,7009,0,0,1,1,0,0,0,1
8,7009,7101,0,0,1,1,0,0,0,1
8,7101,7193,0,0,1,1,0,0,0,1
8,7193,7283,0,0,1,1,0,0,0,1
8,7283,7374,0,0,1,1,0,0,0,1
8,7374,7466,0,0,1,1,0,0,0,1
8,7466,7558,0,0,1,1,0,0,1,1
8,7558,7648,0,0,1,1,0,0,0,1
8,7648,7739,0,0,1,1,0,0,0,1
8,7739,7831,0,0,1,1,0,0,0,1
8,7831,7923,0,0,1,1,0,0,0,1
8,7923,8013,0,0,1,1,0,0,0,1
8,8013,8104,0,0,1,1,0,0,0,1
8,8104,8196,0,0,1,1,0,0,0,1
8,8196,8288,0,0,1,1,0,0,0,1
8,8288,8379,0,0,1,1,0,0,0,1
8,8379,8470,0,0,1,0,0,0,0,1
8,8470,8562,0,0,1,0,0,0,0,1
8,8562,8654,0,0,1,0,0,0,0,1
9,6493,6552,0,0,0,0,0,1,0,1
9,6552,6643,0,0,0,0,1,0,0,1
9,6643,6735,0,0,0,0,1,0,0,1
9,6735,6827,0,0,0,0,1,0,0,1
9,6827,6918,0,0,0,0,1,0,0,1
9,6918,7009,0,0,0,1,0,0,0,1
9,7009,7101,0,0,0,1,0,0,0,1
9,7101,7193,0,0,0,1,0,0,0,1
9,7193,7283,0,0,0,1,0,0,0,1
9,7283,7374,0,0,0,1,0,0,0,1
9,7374,7466,0,0,0,1,0,0,0,1
9,7466,7558,0,0,0,1,0,0,0,1
9,7558,7648,0,0,0,1,0,0,1,1
9,7648,7739,0,0,0,1,0,0,0,1
9,7739,7831,0,0,0,1,0,0,0,1
9,7831,7923,0,0,0,1,0,0,0,1
9,7923,8013,0,0,0,1,0,0,0,1
9,8013,8104,0,0,0,1,0,0,0,1
9,8104,8196,0,0,0,1,0,0,0,1
9,8196,8288,0,0,0,1,0,0,0,1
9,8288,8379,0,0,0,1,0,0,0,1
9,8453,8544,0,0,0,1,0,0,0,1
9,8544,8636,0,0,0,1,0,0,0,1
9,8636,8728,0,0,0,1,0,0,0,1
10,6167,6187,0,0,1,0,0,1,1,1
10,6187,6278,0,0,1,0,1,0,1,1
10,6278,6370,0,0,1,0,1,0,1,1
10,6370,6462,0,0,1,0,1,0,0,1
10,6522,6583,0,0,1,0,1,0,0,1
11,5086,5091,0,0,1,1,0,0,0,1
11,5091,5182,0,0,1,1,0,0,0,1
11,5182,5274,0,0,1,1,0,0,0,1
11,5274,5366,0,0,1,1,0,0,0,1
11,5407,5449,0,1,1,1,0,0,1,1
12,6167,6187,0,0,1,0,0,1,0,1
12,6187,6278,0,0,1,0,1,0,0,1
12,6278,6370,0,0,1,0,1,0,0,1
12,6370,6462,0,0,1,0,1,0,0,1
12,6462,6552,0,0,1,0,1,0,0,1
12,6552,6643,0,0,1,1,0,0,0,1
12,6643,6735,0,0,1,1,0,0,0,1
12,6735,6827,0,0,1,1,0,0,0,1
12,6827,6918,0,0,1,1,0,0,0,1
12,6989,7061,1,0,1,1,0,0,0,1
13,6473,6552,0,0,1,0,1,0,0,1
13,6552,6643,0,0,1,1,0,0,0,1
13,6689,6736,0,0,1,1,0,0,0,1
14,6104,6187,0,0,1,0,0,1,0,1
14,6187,6278,0,0,1,0,1,0,0,1
14,6278,6370,0,0,1,0,1,0,0,1
14,6370,6462,0,0,1,0,1,0,0,1
14,6462,6552,0,0,1,0,1,0,0,1
14,6552,6643,0,0,1,1,0,0,0,1
14,6643,6735,0,0,1,1,0,0,0,1
14,6793,6852,1,0,1,1,0,0,0,1
15,6500,6552,0,0,1,0,1,0,0,1
15,6552,6643,0,0,1,1,0,0,0,1
15,6643,6735,0,0,1,1,0,0,0,1
15,6735,6827,0,0,1,1,0,0,1,1
15,6840,6854,1,0,1,1,0,0,1,1
16,6500,6552,0,0,0,0,1,0,0,1
16,6552,6643,0,0,0,1,0,0,0,1
16,6643,6735,0,0,0,1,0,0,0,1
16,6735,6827,0,0,0,1,0,0,0,1
16,6827,6918,0,0,0,1,0,0,0,1
16,6918,7009,0,0,0,1,0,0,0,1
16,7009,7101,0,0,0,1,0,0,0,1
16,7101,7193,0,0,0,1,0,0,0,1
16,7193,7283,0,0,0,1,0,0,0,1
16,7283,7374,0,0,0,1,0,0,0,1
16,7374,7466,0,0,0,1,0,0,0,1
16,7466,7558,0,0,0,1,0,0,0,1
16,7558,7648,0,0,0,1,0,0,0,1
16,7648,7739,0,0,0,1,0,0,0,1
16,7739,7831,0,0,0,1,0,0,0,1
16,7831,7923,0,0,0,1,0,0,0,1
16,7923,8013,0,0,0,1,0,0,0,1
16,8013,8104,0,0,0,1,0,0,0,1
16,8104,8196,0,0,0,1,0,0,0,1
16,8196,8288,0,0,0,1,0,0,0,1
16,8288,8379,0,0,0,1,0,0,0,1
16,8379,8470,0,0,0,0,0,0,0,1
16,8470,8562,0,0,0,0,0,0,0,1
16,8562,8654,0,0,0,0,0,0,0,1
17,6105,6187,0,0,0,0,0,1,0,1
17,6105,6125,0,0,1,0,0,1,0,1
17,6187,6278,0,0,0,0,1,0,0,1
17,6278,6370,0,0,0,0,1,0,0,1
17,6370,6462,0,0,0,0,1,0,0,1
17,6462,6552,0,0,0,0,1,0,0,1
17,6552,6643,0,0,0,1,0,0,0,1
17,6643,6735,0,0,0,1,0,0,0,1
17,6735,6827,0,0,0,1,0,0,0,1
17,6827,6918,0,0,0,1,0,0,0,1
17,6918,7009,0,0,0,1,0,0,0,1
17,7096,7184,0,1,0,1,0,0,0,1
18,5086,5091,0,0,1,0,0,0,0,1
18,5091,5182,0,0,1,0,0,0,0,1
18,5182,5274,0,0,1,0,0,0,0,1
18,5274,5366,0,0,1,0,0,0,0,1
18,5366,5457,0,0,1,0,0,0,0,1
18,5457,5548,0,0,1,0,0,0,0,1
18,5548,5640,0,0,1,0,0,0,0,1
18,5640,5732,0,0,1,0,0,0,0,1
18,5809,5887,1,0,1,0,0,0,0,1
19,6181,6187,0,0,1,0,0,1,0,1
19,6187,6278,0,0,1,0,1,0,0,1
19,6278,6370,0,0,1,0,1,0,0,1
19,6370,6462,0,0,1,0,1,0,1,1
19,6462,6552,0,0,1,0,1,0,1,1
19,6552,6643,0,0,1,1,0,0,1,1
20,6181,6187,0,0,1,0,0,1,0,1
20,6187,6278,0,0,1,0,1,0,0,1
20,6278,6370,0,0,1,0,1,0,1,1
20,6370,6462,0,0,1,0,1,0,1,1
20,6462,6552,0,0,1,0,1,0,0,1
20,6633,6715,0,1,1,1,0,0,0,1
21,5086,5091,0,0,0,1,0,0,0,1
21,5091,5182,0,0,0,1,0,0,0,1
21,5182,5274,0,0,0,1,0,0,0,1
21,5274,5366,0,0,0,1,0,0,0,1
21,5366,5457,0,0,0,1,0,0,0,1
21,5457,5548,0,0,0,1,0,0,0,1
21,5548,5640,0,0,0,1,0,0,0,1
21,5640,5732,0,0,0,1,0,0,0,1
21,5732,5822,0,0,0,1,0,0,0,1
21,5822,5913,0,0,0,1,0,0,0,1
21,5913,6005,0,0,0,1,0,0,0,1
21,6005,6097,0,0,0,1,0,0,0,1
21,6097,6187,0,0,0,1,0,0,0,1
21,6187,6278,0,0,0,1,0,0,0,1
21,6278,6370,0,0,0,1,0,0,0,1
21,6370,6462,0,0,0,1,0,0,0,1
21,6462,6552,0,0,0,1,0,0,0,1
21,6552,6643,0,0,0,0,0,0,0,1
21,6643,6735,0,0,0,0,0,0,0,1
21,6735,6827,0,0,0,0,0,0,0,1
21,6827,6918,0,0,0,0,0,0,0,1
21,6932,6947,1,0,0,0,0,0,0,1
22,6493,6552,0,0,1,0,1,0,0,1
22,6552,6643,0,0,1,1,0,0,0,1
22,6643,6735,0,0,1,1,0,0,0,1
22,6735,6827,0,0,1,1,0,0,0,1
22,6827,6918,0,0,1,1,0,0,1,1
22,6918,7009,0,0,1,1,0,0,1,1
22,7009,7101,0,0,1,1,0,0,1,1
22,7101,7193,0,0,1,1,0,0,0,1
22,7193,7283,0,0,1,1,0,0,0,1
22,7283,7374,0,0,1,1,0,0,0,1
22,7374,7466,0,0,1,1,0,0,0,1
22,7466,7558,0,0,1,1,0,0,0,1
22,7558,7648,0,0,1,1,0,0,0,1
22,7738,7829,0,1,1,1,0,0,0,1
23,6474,6552,0,0,0,0,0,1,0,1
23,6552,6643,0,0,0,0,1,0,0,1
23,6643,6735,0,0,0,0,1,0,0,1
23,6735,6827,0,0,0,0,1,0,0,1
23,6827,6918,0,0,0,0,1,0,0,1
23,6918,7009,0,0,0,1,0,0,0,1
23,7009,7101,0,0,0,1,0,0,0,1
23,7101,7193,0,0,0,1,0,0,0,1
23,7273,7354,0,1,0,1,0,0,1,1
24,5086,5091,0,0,1,1,0,0,0,1
24,5091,5182,0,0,1,1,0,0,0,1
24,5182,5274,0,0,1,1,0,0,0,1
24,5274,5366,0,0,1,1,0,0,0,1
24,5366,5457,0,0,1,1,0,0,0,1
24,5457,5548,0,0,1,1,0,0,0,1
24,5548,5640,0,0,1,1,0,0,0,1
24,5640,5732,0,0,1,1,0,0,0,1
24,5732,5822,0,0,1,1,0,0,0,1
24,5822,5913,0,0,1,1,0,0,0,1
24,5913,6005,0,0,1,1,0,0,0,1
24,6030,6056,0,1,1,1,0,0,0,1
25,6493,6552,0,0,1,0,0,1,0,1
25,6552,6643,0,0,1,0,1,0,0,1
25,6643,6735,0,0,1,0,1,0,0,1
25,6735,6827,0,0,1,0,1,0,0,1
25,6827,6918,0,0,1,0,1,0,0,1
25,6918,7009,0,0,1,1,0,0,0,1
25,7009,7101,0,0,1,1,0,0,0,1
25,7101,7193,0,0,1,1,0,0,0,1
25,7193,7283,0,0,1,1,0,0,0,1
25,7283,7374,0,0,1,1,0,0,0,1
25,7374,7466,0,0,1,1,0,0,0,1
25,7466,7558,0,0,1,1,0,0,0,1
25,7558,7648,0,0,1,1,0,0,0,1
25,7648,7739,0,0,1,1,0,0,0,1
25,7739,7831,0,0,1,1,0,0,0,1
25,7831,7923,0,0,1,1,0,0,0,1
25,7923,8013,0,0,1,1,0,0,0,1
25,8013,8104,0,0,1,1,0,0,0,1
25,8104,8196,0,0,1,1,0,0,0,1
25,8196,8288,0,0,1,1,0,0,0,1
25,8288,8379,0,0,1,1,0,0,0,1
25,8379,8470,0,0,1,1,0,0,0,1
25,8559,8649,0,0,1,1,0,0,0,1
26,6474,6552,0,0,0,0,1,0,0,1
26,6552,6643,0,0,0,1,0,0,0,1
26,6643,6735,0,0,0,1,0,0,0,1
26,6735,6827,0,0,0,1,0,0,0,1
26,6827,6918,0,0,0,1,0,0,0,1
26,6918,7009,0,0,0,1,0,0,0,1
26,7009,7101,0,0,0,1,0,0,0,1
26,7101,7193,0,0,0,1,0,0,0,1
26,7193,7283,0,0,0,1,0,0,1,1
26,7283,7374,0,0,0,1,0,0,0,1
26,7374,7466,0,0,0,1,0,0,0,1
26,7466,7558,0,0,0,1,0,0,0,1
26,7558,7648,0,0,0,1,0,0,0,1
26,7648,7739,0,0,0,1,0,0,0,1
26,7739,7831,0,0,0,1,0,0,0,1
26,7831,7923,0,0,0,1,0,0,0,1
26,7923,8013,0,0,0,1,0,0,0,1
26,8013,8104,0,0,0,1,0,0,0,1
26,8104,8196,0,0,0,1,0,0,0,1
26,8196,8288,0,0,0,1,0,0,0,1
26,8288,8379,0,0,0,1,0,0,0,1
26,8379,8470,0,0,0,0,0,0,0,1
26,8470,8562,0,0,0,0,0,0,0,1
26,8562,8654,0,0,0,0,0,0,0,1
27,6474,6552,0,0,0,0,0,1,0,1
27,6552,6643,0,0,0,0,1,0,0,1
27,6643,6735,0,0,0,0,1,0,0,1
27,6735,6827,0,0,0,0,1,0,1,1
27,6827,6918,0,0,0,0,1,0,0,1
27,6918,7009,0,0,0,1,0,0,0,1
27,7009,7101,0,0,0,1,0,0,0,1
27,7101,7193,0,0,0,1,0,0,0,1
27,7193,7283,0,0,0,1,0,0,0,1
27,7283,7374,0,0,0,1,0,0,0,1
27,7374,7466,0,0,0,1,0,0,0,1
27,7466,7558,0,0,0,1,0,0,0,1
27,7558,7648,0,0,0,1,0,0,0,1
27,7648,7739,0,0,0,1,0,0,0,1
27,7739,7831,0,0,0,1,0,0,0,1
27,7831,7923,0,0,0,1,0,0,0,1
27,7923,8013,0,0,0,1,0,0,0,1
27,8013,8104,0,0,0,1,0,0,0,1
27,8104,8196,0,0,0,1,0,0,0,1
27,8196,8288,0,0,0,1,0,0,0,1
27,8288,8379,0,0,0,1,0,0,0,1
27,8379,8470,0,0,0,1,0,0,0,1
27,8470,8562,0,0,0,1,0,0,0,1
27,8562,8654,0,0,0,1,0,0,0,1
28,6478,6552,0,0,0,0,0,1,0,1
28,6552,6643,0,0,0,0,1,0,0,1
28,6643,6735,0,0,0,0,1,0,0,1
28,6735,6827,0,0,0,0,1,0,0,1
28,6827,6918,0,0,0,0,1,0,0,1
28,6918,7009,0,0,0,1,0,0,0,1
28,7009,7101,0,0,0,1,0,0,0,1
28,7101,7193,0,0,0,1,0,0,0,1
28,7193,7283,0,0,0,1,0,0,0,1
28,7283,7374,0,0,0,1,0,0,0,1
28,7374,7466,0,0,0,1,0,0,0,1
28,7466,7558,0,0,0,1,0,0,0,1
28,7558,7650,0,0,0,1,0,0,0,1
28,7650,7740,0,0,0,1,0,0,0,1
28,7740,7831,0,0,0,1,0,0,0,1
28,7831,7923,0,0,0,1,0,0,0,1
28,7923,8015,0,0,0,1,0,0,0,1
29,6491,6552,0,0,0,0,0,1,0,1
29,6552,6643,0,0,0,0,1,0,0,1
29,6643,6735,0,0,0,0,1,0,0,1
29,6735,6827,0,0,0,0,1,0,0,1
29,6827,6918,0,0,0,0,1,0,1,1
29,6918,7009,0,0,0,1,0,0,1,1
29,7009,7036,0,0,0,1,0,0,1,1
29,7161,7222,0,0,0,1,0,0,1,1
30,6491,6552,0,0,0,0,0,1,0,1
30,6552,6643,0,0,0,0,1,0,0,1
30,6643,6735,0,0,0,0,1,0,0,1
30,6735,6827,0,0,0,0,1,0,0,1
30,6827,6918,0,0,0,0,1,0,0,1
30,6918,7009,0,0,0,1,0,0,0,1
30,7009,7101,0,0,0,1,0,0,0,1
30,7101,7193,0,0,0,1,0,0,0,1
30,7193,7283,0,0,0,1,0,0,1,1
30,7283,7374,0,0,0,1,0,0,0,1
30,7374,7466,0,0,0,1,0,0,0,1
30,7490,7515,0,1,0,1,0,0,0,1
31,6844,6918,0,0,0,0,1,0,0,1
31,6918,7009,0,0,0,1,0,0,0,1
31,7045,7082,0,0,0,1,0,0,0,1
32,5282,5365,0,0,0,0,0,1,0,1
32,5365,5456,0,0,0,0,0,1,0,1
32,5456,5547,0,0,0,0,1,0,0,1
32,5547,5639,0,0,0,0,1,0,0,1
32,5639,5731,0,0,0,0,1,0,0,1
32,5731,5821,0,0,0,0,1,0,0,1
32,5821,5912,0,0,0,1,0,0,0,1
32,5912,6004,0,0,0,1,0,0,0,1
32,6004,6096,0,0,0,1,0,0,0,1
32,6096,6186,0,0,0,1,0,0,0,1
32,6186,6277,0,0,0,1,0,0,0,1
32,6277,6369,0,0,0,1,0,0,0,1
32,6369,6461,0,0,0,1,0,0,0,1
32,6461,6551,0,0,0,1,0,0,0,1
32,6551,6642,0,0,0,1,0,0,0,1
32,6642,6734,0,0,0,1,0,0,0,1
32,6734,6826,0,0,0,1,0,0,0,1
32,6826,6917,0,0,0,1,0,0,0,1
32,6917,7008,0,0,0,1,0,0,0,1
32,7026,7044,0,0,0,1,0,0,0,1
33,6491,6551,0,0,1,0,0,1,0,1
33,6551,6642,0,0,1,0,1,0,0,1
33,6642,6734,0,0,1,0,1,0,0,1
33,6734,6826,0,0,1,0,1,0,0,1
33,6826,6917,0,0,1,0,1,0,0,1
33,6917,7008,0,0,1,1,0,0,0,1
33,7008,7100,0,0,1,1,0,0,0,1
33,7100,7192,0,0,1,1,0,0,0,1
33,7192,7282,0,0,1,1,0,0,0,1
33,7282,7373,0,0,1,1,0,0,0,1
33,7373,7465,0,0,1,1,0,0,0,1
33,7465,7557,0,0,1,1,0,0,0,1
33,7557,7647,0,0,1,1,0,0,0,1
33,7647,7738,0,0,1,1,0,0,0,1
33,7738,7830,0,0,1,1,0,0,0,1
33,7830,7922,0,0,1,1,0,0,0,1
34,6844,6918,0,0,1,0,1,0,0,1
34,6918,7009,0,0,1,1,0,0,0,1
34,7009,7101,0,0,1,1,0,0,0,1
34,7101,7193,0,0,1,1,0,0,0,1
34,7193,7283,0,0,1,1,0,0,0,1
34,7283,7374,0,0,1,1,0,0,0,1
34,7374,7466,0,0,1,1,0,0,1,1
34,7466,7558,0,0,1,1,0,0,1,1
34,7558,7648,0,0,1,1,0,0,1,1
34,7648,7739,0,0,1,1,0,0,1,1
34,7739,7831,0,0,1,1,0,0,1,1
34,7831,7923,0,0,1,1,0,0,1,1
34,7923,8013,0,0,1,1,0,0,1,1
34,8013,8104,0,0,1,1,0,0,0,1
34,8120,8137,0,1,1,1,0,0,0,1
35,6478,6550,0,0,1,0,0,1,0,1
35,6550,6641,0,0,1,0,1,0,0,1
35,6641,6733,0,0,1,0,1,0,0,1
35,6733,6825,0,0,1,0,1,0,0,1
35,6838,6850,1,0,1,0,1,0,1,1
36,6474,6552,0,0,1,0,0,1,0,1
36,6552,6643,0,0,1,0,1,0,0,1
36,6643,6735,0,0,1,0,1,0,0,1
36,6735,6827,0,0,1,0,1,0,1,1
36,6827,6918,0,0,1,0,1,0,0,1
36,6918,7009,0,0,1,1,0,0,0,1
36,7009,7101,0,0,1,1,0,0,0,1
36,7101,7193,0,0,1,1,0,0,0,1
36,7193,7283,0,0,1,1,0,0,0,1
36,7283,7374,0,0,1,1,0,0,0,1
36,7374,7466,0,0,1,1,0,0,0,1
36,7466,7558,0,0,1,1,0,0,0,1
36,7558,7648,0,0,1,1,0,0,0,1
36,7648,7739,0,0,1,1,0,0,0,1
36,7739,7831,0,0,1,1,0,0,0,1
36,7831,7923,0,0,1,1,0,0,0,1
36,7972,8022,1,0,1,1,0,0,0,1
37,6474,6552,0,0,1,0,1,0,0,1
37,6552,6643,0,0,1,1,0,0,0,1
37,6643,6735,0,0,1,1,0,0,0,1
37,6744,6754,0,1,1,1,0,0,0,1
38,5282,5365,0,0,0,0,0,1,0,1
38,5365,5456,0,0,0,0,0,1,0,1
38,5456,5547,0,0,0,0,1,0,0,1
38,5547,5639,0,0,0,0,1,0,0,1
38,5639,5731,0,0,0,0,1,0,0,1
38,5731,5821,0,0,0,0,1,0,0,1
38,5821,5912,0,0,0,1,0,0,0,1
38,5922,5932,1,0,0,1,0,0,0,1
39,6473,6552,0,0,0,0,0,1,0,1
39,6552,6643,0,0,0,0,1,0,0,1
39,6643,6735,0,0,0,0,1,0,0,1
39,6735,6827,0,0,0,0,1,0,0,1
39,6827,6918,0,0,0,0,1,0,0,1
39,6918,7009,0,0,0,1,0,0,0,1
39,7009,7101,0,0,0,1,0,0,0,1
39,7101,7193,0,0,0,1,0,0,0,1
39,7193,7283,0,0,0,1,0,0,0,1
39,7283,7374,0,0,0,1,0,0,0,1
39,7374,7466,0,0,0,1,0,0,0,1
39,7466,7558,0,0,0,1,0,0,0,1
39,7558,7648,0,0,0,1,0,0,0,1
39,7648,7739,0,0,0,1,0,0,0,1
39,7739,7831,0,0,0,1,0,0,0,1
39,7831,7923,0,0,0,1,0,0,0,1
39,7923,8013,0,0,0,1,0,0,0,1
39,8013,8104,0,0,0,1,0,0,0,1
39,8104,8196,0,0,0,1,0,0,0,1
39,8196,8288,0,0,0,1,0,0,0,1
39,8288,8379,0,0,0,1,0,0,0,1
39,8379,8470,0,0,0,1,0,0,0,1
39,8470,8562,0,0,0,1,0,0,0,1
39,8627,8693,0,0,0,1,0,0,0,1
40,6473,6552,0,0,0,0,0,1,0,1
40,6552,6643,0,0,0,0,1,0,0,1
40,6643,6735,0,0,0,0,1,0,0,1
40,6735,6827,0,0,0,0,1,0,0,1
40,6827,6918,0,0,0,0,1,0,0,1
40,6918,7009,0,0,0,1,0,0,0,1
40,7009,7101,0,0,0,1,0,0,0,1
40,7101,7193,0,0,0,1,0,0,0,1
40,7193,7283,0,0,0,1,0,0,0,1
40,7283,7374,0,0,0,1,0,0,0,1
40,7374,7466,0,0,0,1,0,0,0,1
40,7466,7558,0,0,0,1,0,0,0,1
40,7558,7648,0,0,0,1,0,0,0,1
40,7648,7739,0,0,0,1,0,0,0,1
40,7739,7831,0,0,0,1,0,0,0,1
40,7831,7923,0,0,0,1,0,0,0,1
40,7988,8054,1,0,0,1,0,0,0,1
41,6839,6874,0,1,0,0,0,1,0,1
42,6845,6918,0,0,0,0,1,0,0,1
42,7001,7085,0,1,0,1,0,0,0,1
43,6845,6918,0,0,1,0,0,1,0,1
43,6918,7009,0,0,1,0,1,0,0,1
43,7009,7101,0,0,1,0,1,0,0,1
43,7101,7193,0,0,1,0,1,0,0,1
43,7246,7300,1,0,1,0,1,0,0,1
44,5282,5365,0,0,0,0,0,1,0,1
44,5365,5456,0,0,0,0,0,1,0,1
44,5456,5547,0,0,0,0,1,0,0,1
44,5547,5639,0,0,0,0,1,0,0,1
44,5639,5731,0,0,0,0,1,0,0,1
44,5731,5821,0,0,0,0,1,0,0,1
44,5843,5865,1,0,0,1,0,0,0,1
45,6845,6918,0,0,0,0,0,1,0,1
45,6918,7009,0,0,0,0,1,0,0,1
45,7009,7101,0,0,0,0,1,0,0,1
45,7101,7193,0,0,0,0,1,0,0,1
45,7193,7283,0,0,0,0,1,0,0,1
45,7283,7374,0,0,0,1,0,0,0,1
45,7374,7466,0,0,0,1,0,0,0,1
45,7466,7558,0,0,0,1,0,0,0,1
45,7558,7648,0,0,0,1,0,0,0,1
45,7648,7739,0,0,0,1,0,0,0,1
46,7739,7831,0,0,0,1,0,0,0,1
46,7831,7923,0,0,0,1,0,0,0,1
46,7923,8013,0,0,0,1,0,0,0,1
46,8013,8104,0,0,0,1,0,0,0,1
46,8104,8196,0,0,0,1,0,0,0,1
46,8196,8288,0,0,0,1,0,0,0,1
46,8288,8379,0,0,0,1,0,0,0,1
46,8379,8470,0,0,0,1,0,0,0,1
46,8559,8649,0,0,0,1,0,0,0,1
47,6846,6918,0,0,1,0,0,1,0,1
47,6918,7009,0,0,1,0,1,0,0,1
47,7009,7101,0,0,1,0,1,0,0,1
47,7101,7193,0,0,1,0,1,0,0,1
47,7193,7283,0,0,1,0,1,0,0,1
47,7283,7374,0,0,1,1,0,0,1,1
47,7374,7466,0,0,1,1,0,0,1,1
47,7524,7583,0,1,1,1,0,0,1,1
48,6861,6918,0,0,1,1,0,0,0,1
48,6918,7009,0,0,1,1,0,0,0,1
48,7009,7101,0,0,1,1,0,0,0,1
48,7101,7193,0,0,1,1,0,0,0,1
48,7193,7283,0,0,1,1,0,0,0,1
48,7283,7374,0,0,1,1,0,0,0,1
48,7374,7466,0,0,1,1,0,0,0,1
48,7466,7558,0,0,1,1,0,0,1,1
48,7558,7648,0,0,1,1,0,0,1,1
48,7648,7739,0,0,1,1,0,0,1,1
48,7739,7831,0,0,1,1,0,0,0,1
48,7831,7923,0,0,1,1,0,0,0,1
48,7923,8013,0,0,1,1,0,0,0,1
48,8013,8104,0,0,1,1,0,0,0,1
48,8104,8196,0,0,1,1,0,0,0,1
48,8196,8288,0,0,1,1,0,0,0,1
48,8288,8379,0,0,1,1,0,0,0,1
48,8379,8470,0,0,1,0,0,0,0,1
48,8470,8562,0,0,1,0,0,0,0,1
48,8562,8654,0,0,1,0,0,0,0,1
49,6861,6918,0,0,1,1,0,0,0,1
49,6918,7009,0,0,1,1,0,0,0,1
49,7009,7101,0,0,1,1,0,0,0,1
49,7101,7193,0,0,1,1,0,0,0,1
49,7193,7283,0,0,1,1,0,0,0,1
49,7283,7374,0,0,1,1,0,0,0,1
49,7374,7466,0,0,1,1,0,0,0,1
49,7466,7558,0,0,1,1,0,0,0,1
49,7558,7648,0,0,1,1,0,0,0,1
49,7648,7739,0,0,1,1,0,0,0,1
49,7739,7831,0,0,1,1,0,0,0,1
49,7831,7923,0,0,1,1,0,0,0,1
49,7923,8013,0,0,1,1,0,0,0,1
49,8013,8104,0,0,1,1,0,0,0,1
49,8104,8196,0,0,1,1,0,0,0,1
49,8196,8288,0,0,1,1,0,0,0,1
49,8288,8379,0,0,1,1,0,0,0,1
49,8379,8470,0,0,1,0,0,0,0,1
49,8470,8562,0,0,1,0,0,0,0,1
49,8562,8654,0,0,1,0,0,0,0,1
50,6861,6918,0,0,1,1,0,0,0,1
50,6918,7009,0,0,1,1,0,0,0,1
50,7009,7101,0,0,1,1,0,0,0,1
50,7101,7193,0,0,1,1,0,0,0,1
50,7193,7283,0,0,1,1,0,0,0,1
50,7283,7374,0,0,1,1,0,0,0,1
50,7374,7466,0,0,1,1,0,0,0,1
50,7466,7558,0,0,1,1,0,0,0,1
50,7558,7648,0,0,1,1,0,0,0,1
50,7648,7739,0,0,1,1,0,0,0,1
50,7739,7831,0,0,1,1,0,0,0,1
50,7831,7923,0,0,1,1,0,0,0,1
50,7923,8013,0,0,1,1,0,0,0,1
50,8013,8104,0,0,1,1,0,0,0,1
50,8104,8196,0,0,1,1,0,0,0,1
50,8196,8288,0,0,1,1,0,0,0,1
50,8288,8379,0,0,1,1,0,0,1,1
50,8379,8470,0,0,1,0,0,0,0,1
50,8470,8528,0,0,1,0,0,0,0,1
50,8592,8623,0,0,1,0,0,0,0,1
51,6972,7009,0,0,1,1,0,0,0,1
51,7009,7101,0,0,1,1,0,0,0,1
51,7101,7193,0,0,1,1,0,0,0,1
51,7193,7283,0,0,1,1,0,0,0,1
51,7283,7374,0,0,1,1,0,0,0,1
51,7374,7466,0,0,1,1,0,0,0,1
51,7478,7491,0,1,1,1,0,0,0,1
52,6972,7009,0,0,1,1,0,0,0,1
52,7009,7101,0,0,1,1,0,0,0,1
52,7101,7193,0,0,1,1,0,0,0,1
52,7193,7283,0,0,1,1,0,0,0,1
52,7283,7374,0,0,1,1,0,0,0,1
53,6972,7009,0,0,0,0,1,0,0,1
53,7009,7101,0,0,0,0,1,0,0,1
53,7101,7193,0,0,0,0,1,0,0,1
53,7193,7283,0,0,0,0,1,0,0,1
53,7283,7374,0,0,0,1,0,0,0,1
53,7374,7466,0,0,0,1,0,0,0,1
53,7385,7397,0,1,1,1,0,0,0,1
53,7466,7558,0,0,0,1,0,0,0,1
53,7558,7648,0,0,0,1,0,0,0,1
53,7648,7739,0,0,0,1,0,0,0,1
53,7739,7831,0,0,0,1,0,0,0,1
53,7831,7923,0,0,0,1,0,0,0,1
53,7923,8013,0,0,0,1,0,0,0,1
53,8013,8104,0,0,0,1,0,0,0,1
53,8129,8155,0,1,0,1,0,0,0,1
54,5080,5091,0,0,1,0,0,1,0,1
54,5091,5182,0,0,1,0,1,0,0,1
54,5182,5274,0,0,1,0,1,0,0,1
54,5274,5366,0,0,1,0,1,0,0,1
54,5366,5457,0,0,1,0,1,0,0,1
54,5457,5548,0,0,1,1,0,0,0,1
54,5548,5640,0,0,1,1,0,0,0,1
54,5640,5732,0,0,1,1,0,0,0,1
54,5732,5822,0,0,1,1,0,0,0,1
54,5822,5913,0,0,1,1,0,0,0,1
54,5913,6005,0,0,1,1,0,0,0,1
54,6005,6097,0,0,1,1,0,0,0,1
54,6097,6187,0,0,1,1,0,0,0,1
54,6187,6278,0,0,1,1,0,0,0,1
54,6278,6370,0,0,1,1,0,0,0,1
54,6370,6462,0,0,1,1,0,0,0,1
54,6462,6552,0,0,1,1,0,0,0,1
54,6552,6643,0,0,1,1,0,0,0,1
54,6643,6735,0,0,1,1,0,0,0,1
54,6735,6827,0,0,1,1,0,0,0,1
54,6827,6918,0,0,1,1,0,0,0,1
54,6918,7009,0,0,1,1,0,0,0,1
54,7009,7101,0,0,1,1,0,0,0,1
54,7101,7193,0,0,1,1,0,0,0,1
54,7193,7283,0,0,1,1,0,0,0,1
54,7283,7374,0,0,1,0,0,0,0,1
54,7374,7466,0,0,1,0,0,0,0,1
54,7466,7558,0,0,1,0,0,0,0,1
54,7558,7648,0,0,1,0,0,0,0,1
54,7648,7739,0,0,1,0,0,0,0,1
54,7739,7831,0,0,1,0,0,0,0,1
54,7922,8014,1,0,1,0,0,0,1,1
55,5282,5365,0,0,1,0,0,1,0,1
55,5365,5456,0,0,1,0,0,1,0,1
55,5538,5620,1,0,1,0,1,0,0,1
56,8015,8018,1,0,0,1,0,0,0,1
56,8015,8026,0,0,0,1,0,0,0,1
56,8026,8118,0,0,0,1,0,0,0,1
56,8118,8208,0,0,0,1,0,0,0,1
56,8208,8299,0,0,0,1,0,0,0,1
56,8299,8391,0,0,0,1,0,0,0,1
56,8391,8483,0,0,0,1,0,0,0,1
56,8483,8573,0,0,0,1,0,0,0,1
56,8573,8664,0,0,0,1,0,0,0,1
56,8664,8756,0,0,0,1,0,0,0,1
56,8756,8848,0,0,0,1,0,0,0,1
56,8848,8938,0,0,0,1,0,0,0,1
57,7207,7283,0,0,0,0,1,0,0,1
57,7283,7374,0,0,0,1,0,0,0,1
57,7374,7466,0,0,0,1,0,0,0,1
57,7489,7513,0,0,0,1,0,0,1,1
58,7207,7283,0,0,1,0,0,1,0,1
58,7283,7374,0,0,1,0,1,0,0,1
58,7374,7466,0,0,1,0,1,0,0,1
58,7466,7558,0,0,1,0,1,0,1,1
58,7584,7611,0,1,1,0,1,0,0,1
59,7207,7283,0,0,1,0,0,1,0,1
59,7283,7374,0,0,1,0,1,0,0,1
59,7374,7466,0,0,1,0,1,0,0,1
59,7466,7558,0,0,1,0,1,0,1,1
59,7558,7648,0,0,1,0,1,0,1,1
59,7656,7665,0,1,1,1,0,0,1,1
60,7208,7283,0,0,1,1,0,0,0,1
60,7283,7374,0,0,1,1,0,0,0,1
60,7374,7466,0,0,1,1,0,0,0,1
60,7466,7558,0,0,1,1,0,0,0,1
60,7558,7648,0,0,1,1,0,0,0,1
60,7648,7739,0,0,1,1,0,0,0,1
60,7739,7831,0,0,1,1,0,0,0,1
60,7831,7923,0,0,1,1,0,0,0,1
60,7923,8013,0,0,1,1,0,0,0,1
60,8013,8104,0,0,1,1,0,0,0,1
60,8104,8196,0,0,1,1,0,0,0,1
60,8196,8288,0,0,1,1,0,0,0,1
60,8288,8379,0,0,1,1,0,0,0,1
60,8379,8470,0,0,1,1,0,0,0,1
60,8470,8562,0,0,1,1,0,0,0,1
60,8562,8654,0,0,1,1,0,0,0,1
61,7208,7283,0,0,1,0,0,1,0,1
61,7283,7374,0,0,1,0,1,0,0,1
61,7374,7466,0,0,1,0,1,0,0,1
61,7466,7558,0,0,1,0,1,0,0,1
61,7558,7648,0,0,1,0,1,0,0,1
61,7648,7739,0,0,1,1,0,0,0,1
61,7739,7831,0,0,1,1,0,0,0,1
61,7831,7923,0,0,1,1,0,0,0,1
61,7923,8013,0,0,1,1,0,0,0,1
61,8013,8104,0,0,1,1,0,0,0,1
61,8104,8196,0,0,1,1,0,0,0,1
61,8196,8288,0,0,1,1,0,0,0,1
61,8288,8379,0,0,1,1,0,0,0,1
61,8379,8470,0,0,1,1,0,0,0,1
61,8470,8562,0,0,1,1,0,0,0,1
61,8565,8569,0,0,1,1,0,0,1,1
62,7208,7283,0,0,1,1,0,0,0,1
62,7283,7374,0,0,1,1,0,0,0,1
62,7374,7466,0,0,1,1,0,0,0,1
62,7466,7558,0,0,1,1,0,0,0,1
62,7558,7648,0,0,1,1,0,0,0,1
62,7648,7739,0,0,1,1,0,0,0,1
62,7739,7831,0,0,1,1,0,0,0,1
62,7831,7923,0,0,1,1,0,0,0,1
62,7923,8013,0,0,1,1,0,0,0,1
62,8013,8104,0,0,1,1,0,0,0,1
62,8104,8196,0,0,1,1,0,0,0,1
62,8196,8288,0,0,1,1,0,0,0,1
62,8371,8455,1,0,1,1,0,0,0,1
63,7208,7283,0,0,1,0,1,0,0,1
63,7283,7374,0,0,1,1,0,0,0,1
63,7374,7466,0,0,1,1,0,0,0,1
63,7466,7558,0,0,1,1,0,0,0,1
63,7558,7648,0,0,1,1,0,0,0,1
63,7648,7739,0,0,1,1,0,0,0,1
63,7739,7831,0,0,1,1,0,0,0,1
63,7831,7923,0,0,1,1,0,0,0,1
63,7923,8013,0,0,1,1,0,0,0,1
63,8013,8104,0,0,1,1,0,0,0,1
63,8167,8231,1,0,1,1,0,0,0,1
64,7208,7283,0,0,1,1,0,0,0,1
64,7283,7374,0,0,1,1,0,0,0,1
64,7374,7466,0,0,1,1,0,0,0,1
64,7466,7558,0,0,1,1,0,0,0,1
64,7558,7648,0,0,1,1,0,0,0,1
64,7648,7739,0,0,1,1,0,0,0,1
64,7739,7831,0,0,1,1,0,0,0,1
64,7831,7923,0,0,1,1,0,0,0,1
64,7923,8013,0,0,1,1,0,0,0,1
64,8024,8036,1,0,1,1,0,0,0,1
65,7209,7283,0,0,0,0,0,1,0,1
65,7283,7374,0,0,0,0,1,0,0,1
65,7374,7466,0,0,0,0,1,0,0,1
65,7466,7558,0,0,0,0,1,0,0,1
65,7558,7648,0,0,0,0,1,0,0,1
65,7648,7739,0,0,0,1,0,0,0,1
65,7739,7831,0,0,0,1,0,0,0,1
65,7881,7973,0,0,0,1,0,0,1,1
65,7973,8063,0,0,0,1,0,0,1,1
65,8063,8154,0,0,0,1,0,0,1,1
65,8154,8246,0,0,0,1,0,0,1,1
65,8246,8338,0,0,0,1,0,0,1,1
65,8338,8429,0,0,0,1,0,0,0,1
65,8429,8520,0,0,0,1,0,0,0,1
65,8520,8612,0,0,0,1,0,0,0,1
65,8612,8704,0,0,0,1,0,0,0,1
66,5282,5365,0,0,1,0,0,1,0,1
66,5365,5456,0,0,1,0,0,1,0,1
66,5456,5547,0,0,1,0,1,0,0,1
66,5547,5639,0,0,1,0,1,0,0,1
66,5639,5731,0,0,1,0,1,0,0,1
66,5731,5821,0,0,1,0,1,0,0,1
66,5821,5912,0,0,1,1,0,0,0,1
66,5912,6004,0,0,1,1,0,0,0,1
66,6004,6096,0,0,1,1,0,0,0,1
66,6096,6186,0,0,1,1,0,0,0,1
66,6186,6277,0,0,1,1,0,0,0,1
66,6277,6369,0,0,1,1,0,0,0,1
66,6369,6461,0,0,1,1,0,0,0,1
66,6461,6551,0,0,1,1,0,0,0,1
66,6551,6642,0,0,1,1,0,0,0,1
66,6642,6734,0,0,1,1,0,0,0,1
66,6734,6826,0,0,1,1,0,0,0,1
66,6826,6917,0,0,1,1,0,0,0,1
66,6917,7008,0,0,1,1,0,0,0,1
66,7008,7100,0,0,1,1,0,0,0,1
66,7100,7192,0,0,1,1,0,0,0,1
66,7192,7282,0,0,1,1,0,0,0,1
66,7282,7373,0,0,1,1,0,0,0,1
66,7373,7465,0,0,1,1,0,0,0,1
66,7465,7557,0,0,1,1,0,0,0,1
66,7557,7647,0,0,1,1,0,0,0,1
66,7647,7738,0,0,1,0,0,0,0,1
66,7738,7830,0,0,1,0,0,0,0,1
66,7830,7922,0,0,1,0,0,0,0,1
66,7922,8012,0,0,1,0,0,0,0,1
66,8029,8120,0,0,1,0,0,0,0,1
66,8120,8212,0,0,1,0,0,0,0,1
66,8212,8304,0,0,1,0,0,0,0,1
66,8304,8395,0,0,1,0,0,0,0,1
66,8628,8701,1,0,1,0,0,0,0,1
67,7209,7283,0,0,1,0,0,1,0,1
67,7283,7374,0,0,1,0,1,0,0,1
67,7374,7466,0,0,1,0,1,0,0,1
67,7466,7558,0,0,1,0,1,0,0,1
67,7619,7709,0,0,1,0,1,0,1,1
67,7736,7825,0,0,1,1,0,0,1,1
67,7939,8013,0,0,1,1,0,0,1,1
67,8021,8030,0,0,1,1,0,0,1,1
68,7209,7283,0,0,1,0,0,1,0,1
68,7283,7374,0,0,1,0,1,0,0,1
68,7374,7466,0,0,1,0,1,0,0,1
68,7466,7558,0,0,1,0,1,0,0,1
68,7558,7648,0,0,1,0,1,0,0,1
68,7676,7705,0,0,1,1,0,0,1,1
68,7705,7797,0,0,1,1,0,0,1,1
68,7879,7923,0,0,1,1,0,0,1,1
68,7943,7964,1,0,1,1,0,0,1,1
69,7209,7210,0,0,0,0,1,0,0,1
69,7211,7283,0,0,0,0,0,1,0,1
69,7283,7374,0,0,0,0,1,0,0,1
69,7374,7466,0,0,0,0,1,0,0,1
69,7466,7558,0,0,0,0,1,0,0,1
69,7558,7648,0,0,0,0,1,0,0,1
69,7648,7739,0,0,0,1,0,0,0,1
69,7739,7831,0,0,0,1,0,0,0,1
69,7831,7923,0,0,0,1,0,0,0,1
69,7923,8013,0,0,0,1,0,0,0,1
69,8013,8104,0,0,0,1,0,0,0,1
69,8104,8196,0,0,0,1,0,0,0,1
69,8196,8288,0,0,0,1,0,0,1,1
69,8320,8353,0,0,0,1,0,0,1,1
70,7211,7283,0,0,0,0,0,1,0,1
70,7283,7374,0,0,0,0,1,0,0,1
70,7374,7466,0,0,0,0,1,0,0,1
70,7466,7558,0,0,0,0,1,0,0,1
70,7558,7648,0,0,0,0,1,0,0,1
70,7648,7739,0,0,0,1,0,0,0,1
70,7739,7831,0,0,0,1,0,0,0,1
70,7900,7970,0,0,0,1,0,0,0,1
70,7970,8060,0,0,0,1,0,0,1,1
70,8060,8151,0,0,0,1,0,0,0,1
70,8176,8268,0,0,0,1,0,0,0,1
70,8268,8360,0,0,0,1,0,0,1,1
71,7211,7283,0,0,1,0,0,1,0,1
71,7283,7374,0,0,1,0,1,0,0,1
71,7374,7466,0,0,1,0,1,0,0,1
71,7466,7558,0,0,1,0,1,0,0,1
71,7558,7648,0,0,1,0,1,0,0,1
71,7648,7739,0,0,1,1,0,0,0,1
71,7739,7831,0,0,1,1,0,0,0,1
71,7831,7923,0,0,1,1,0,0,0,1
71,7923,8013,0,0,1,1,0,0,1,1
71,8013,8104,0,0,1,1,0,0,1,1
71,8181,8259,0,1,1,1,0,0,1,1
71,8310,8333,0,1,0,1,0,0,1,1
72,7211,7283,0,0,0,0,0,1,0,1
72,7283,7374,0,0,0,0,1,0,0,1
72,7374,7466,0,0,0,0,1,0,0,1
72,7466,7558,0,0,0,0,1,0,0,1
72,7586,7615,0,0,0,0,1,0,1,1
73,7211,7283,0,0,0,0,0,1,0,1
73,7283,7374,0,0,0,0,1,0,0,1
73,7374,7466,0,0,0,0,1,0,0,1
73,7466,7558,0,0,0,0,1,0,0,1
73,7594,7630,0,0,0,0,1,0,1,1
73,7630,7649,0,0,0,1,0,0,1,1
73,7649,7741,0,0,0,1,0,0,0,1
73,7741,7833,0,0,0,1,0,0,1,1
73,7833,7923,0,0,0,1,0,0,0,1
73,7923,8014,0,0,0,1,0,0,0,1
73,8014,8106,0,0,0,1,0,0,0,1
73,8106,8198,0,0,0,1,0,0,0,1
73,8297,8307,1,0,0,1,0,0,0,1
74,7211,7283,0,0,0,0,0,1,0,1
74,7283,7374,0,0,0,0,1,0,0,1
74,7374,7466,0,0,0,0,1,0,0,1
74,7466,7558,0,0,0,0,1,0,0,1
74,7642,7732,0,0,0,0,1,0,1,1
74,7732,7823,0,0,0,1,0,0,0,1
74,7764,7790,1,0,0,1,0,0,0,1
75,7211,7283,0,0,1,0,0,1,0,1
75,7283,7374,0,0,1,0,1,0,0,1
75,7374,7466,0,0,1,0,1,0,0,1
75,7466,7558,0,0,1,0,1,0,1,1
75,7558,7648,0,0,1,0,1,0,0,1
75,7648,7739,0,0,1,1,0,0,0,1
75,7739,7831,0,0,1,1,0,0,0,1
75,7831,7923,0,0,1,1,0,0,0,1
75,7923,8013,0,0,1,1,0,0,0,1
75,8013,8104,0,0,1,1,0,0,0,1
75,8104,8196,0,0,1,1,0,0,0,1
75,8196,8288,0,0,1,1,0,0,0,1
75,8288,8379,0,0,1,1,0,0,0,1
75,8379,8470,0,0,1,1,0,0,0,1
75,8470,8562,0,0,1,1,0,0,0,1
75,8562,8654,0,0,1,1,0,0,0,1
76,5282,5355,0,1,1,0,0,1,0,1
77,7212,7283,0,0,0,0,0,1,0,1
77,7283,7374,0,0,0,0,1,0,0,1
77,7374,7466,0,0,0,0,1,0,0,1
77,7466,7558,0,0,0,0,1,0,0,1
77,7558,7648,0,0,0,0,1,0,0,1
77,7648,7739,0,0,0,1,0,0,0,1
77,7739,7831,0,0,0,1,0,0,0,1
77,7831,7923,0,0,0,1,0,0,0,1
77,7923,8013,0,0,0,1,0,0,0,1
77,8013,8104,0,0,0,1,0,0,0,1
77,8141,8179,1,0,0,1,0,0,0,1
78,7212,7272,0,0,1,0,0,1,0,1
79,7212,7283,0,0,1,0,0,1,0,1
79,7283,7366,0,0,1,0,1,0,0,1
80,7212,7293,0,0,0,0,0,1,0,1
80,7293,7382,0,0,0,0,1,0,0,1
81,7212,7283,0,0,1,0,0,1,0,1
81,7283,7374,0,0,1,0,1,0,0,1
81,7374,7466,0,0,1,0,1,0,0,1
81,7466,7558,0,0,1,0,1,0,0,1
81,7642,7727,0,1,1,0,1,0,1,1
82,7213,7283,0,0,1,0,0,1,0,1
82,7283,7374,0,0,1,0,1,0,0,1
82,7374,7466,0,0,1,0,1,0,0,1
82,7466,7558,0,0,1,0,1,0,0,1
82,7558,7648,0,0,1,0,1,0,0,1
82,7681,7715,0,0,1,1,0,0,0,1
83,7213,7283,0,0,1,0,0,1,0,1
83,7283,7374,0,0,1,0,1,0,0,1
83,7374,7466,0,0,1,0,1,0,0,1
83,7466,7558,0,0,1,0,1,0,0,1
84,7213,7283,0,0,1,0,0,1,0,1
84,7283,7374,0,0,1,0,1,0,0,1
84,7374,7466,0,0,1,0,1,0,0,1
84,7466,7558,0,0,1,0,1,0,0,1
84,7558,7648,0,0,1,0,1,0,0,1
84,7648,7739,0,0,1,1,0,0,0,1
84,7739,7831,0,0,1,1,0,0,0,1
84,7831,7923,0,0,1,1,0,0,0,1
84,7923,8013,0,0,1,1,0,0,0,1
84,8013,8104,0,0,1,1,0,0,0,1
84,8104,8196,0,0,1,1,0,0,0,1
84,8196,8288,0,0,1,1,0,0,0,1
84,8288,8379,0,0,1,1,0,0,0,1
84,8379,8470,0,0,1,1,0,0,0,1
84,8470,8562,0,0,1,1,0,0,0,1
84,8562,8654,0,0,1,1,0,0,0,1
85,7221,7283,0,0,0,1,0,0,0,1
85,7283,7374,0,0,0,1,0,0,0,1
85,7374,7466,0,0,0,1,0,0,0,1
85,7466,7558,0,0,0,1,0,0,0,1
85,7558,7648,0,0,0,1,0,0,0,1
85,7648,7739,0,0,0,1,0,0,0,1
85,7739,7831,0,0,0,1,0,0,0,1
85,7831,7923,0,0,0,1,0,0,0,1
85,7923,8013,0,0,0,1,0,0,0,1
85,8013,8104,0,0,0,1,0,0,0,1
85,8104,8196,0,0,0,1,0,0,0,1
85,8196,8288,0,0,0,1,0,0,0,1
85,8288,8379,0,0,0,1,0,0,0,1
85,8379,8470,0,0,0,1,0,0,0,1
85,8470,8562,0,0,0,1,0,0,0,1
85,8562,8654,0,0,0,1,0,0,0,1
86,7221,7283,0,0,1,1,0,0,0,1
86,7368,7455,0,1,1,1,0,0,1,1
87,7260,7283,0,0,1,0,1,0,0,1
87,7283,7374,0,0,1,1,0,0,0,1
87,7374,7466,0,0,1,1,0,0,0,1
87,7466,7558,0,0,1,1,0,0,0,1
87,7558,7648,0,0,1,1,0,0,0,1
87,7648,7739,0,0,1,1,0,0,0,1
87,7739,7831,0,0,1,1,0,0,0,1
87,7831,7923,0,0,1,1,0,0,0,1
87,7923,8015,0,0,1,1,0,0,0,1
87,8015,8105,0,0,1,1,0,0,0,1
87,8105,8196,0,0,1,1,0,0,0,1
87,8196,8288,0,0,1,1,0,0,0,1
87,8288,8380,0,0,1,1,0,0,0,1
87,8380,8471,0,0,1,1,0,0,0,1
87,8471,8562,0,0,1,1,0,0,0,1
87,8562,8654,0,0,1,1,0,0,0,1
88,7381,7466,0,0,0,1,0,0,0,1
88,7466,7558,0,0,0,1,0,0,0,1
88,7558,7648,0,0,0,1,0,0,0,1
88,7648,7739,0,0,0,1,0,0,0,1
88,7739,7831,0,0,0,1,0,0,0,1
88,7831,7923,0,0,0,1,0,0,0,1
88,7923,8013,0,0,0,1,0,0,0,1
88,8013,8104,0,0,0,1,0,0,0,1
88,8104,8196,0,0,0,1,0,0,0,1
88,8196,8288,0,0,0,1,0,0,0,1
88,8288,8379,0,0,0,1,0,0,0,1
88,8379,8470,0,0,0,1,0,0,0,1
88,8470,8562,0,0,0,1,0,0,0,1
88,8562,8654,0,0,0,1,0,0,0,1
89,7419,7465,0,0,1,1,0,0,0,0
89,7465,7557,0,0,1,1,0,0,1,0
89,7557,7647,0,0,1,1,0,0,1,0
89,7647,7738,0,0,1,1,0,0,1,0
89,7738,7830,0,0,1,1,0,0,0,0
89,7830,7922,0,0,1,1,0,0,0,0
90,7432,7435,0,0,1,0,0,1,0,1
90,7435,7527,0,0,1,0,0,1,0,1
90,7527,7617,0,0,1,0,0,1,0,1
90,7617,7708,0,0,1,0,1,0,0,1
90,7708,7800,0,0,1,0,1,0,0,1
90,7800,7892,0,0,1,0,1,0,0,1
91,7409,7466,0,0,1,0,1,0,0,0
91,7466,7558,0,0,1,0,1,0,0,0
91,7558,7648,0,0,1,0,1,0,0,0
91,7648,7739,0,0,1,1,0,0,0,0
91,7739,7831,0,0,1,1,0,0,0,0
91,7831,7923,0,0,1,1,0,0,0,0
91,7923,8015,0,0,1,1,0,0,0,0
91,8015,8105,0,0,1,1,0,0,0,0
92,7414,7466,0,0,0,0,1,0,0,1
92,7466,7558,0,0,0,0,1,0,0,1
92,7558,7648,0,0,0,0,1,0,0,1
92,7648,7739,0,0,0,1,0,0,0,1
92,7739,7831,0,0,0,1,0,0,0,1
92,7831,7923,0,0,0,1,0,0,0,1
92,7923,8013,0,0,0,1,0,0,0,1
92,8013,8104,0,0,0,1,0,0,0,1
92,8104,8196,0,0,0,1,0,0,0,1
92,8196,8288,0,0,0,1,0,0,0,1
92,8288,8379,0,0,0,1,0,0,0,1
92,8379,8470,0,0,0,1,0,0,0,1
92,8520,8571,0,1,0,1,0,0,0,1
93,7257,7283,0,0,1,1,0,0,0,0
93,7283,7374,0,0,1,1,0,0,0,0
93,7374,7466,0,0,1,1,0,0,0,0
93,7478,7491,0,1,1,1,0,0,0,0
94,7401,7466,0,0,1,0,0,1,0,1
94,7466,7558,0,0,1,0,0,1,0,1
94,7558,7648,0,0,1,0,0,1,0,1
94,7723,7799,0,0,1,0,1,0,1,1
94,7799,7891,0,0,1,0,1,0,1,1
94,7891,7983,0,0,1,0,1,0,1,1
94,7983,8073,0,0,1,0,1,0,1,1
94,8073,8164,0,0,1,1,0,0,1,1
94,8164,8256,0,0,1,1,0,0,1,1
94,8256,8348,0,0,1,1,0,0,1,1
94,8348,8439,0,0,1,1,0,0,1,1
94,8439,8530,0,0,1,1,0,0,1,1
95,5594,5640,0,0,0,0,1,0,0,1
95,5640,5732,0,0,0,0,1,0,0,1
95,5732,5822,0,0,0,0,1,0,0,1
95,5822,5913,0,0,0,1,0,0,0,1
95,5913,6005,0,0,0,1,0,0,0,1
95,6005,6097,0,0,0,1,0,0,0,1
95,6097,6187,0,0,0,1,0,0,0,1
95,6187,6278,0,0,0,1,0,0,0,1
95,6278,6370,0,0,0,1,0,0,0,1
95,6370,6462,0,0,0,1,0,0,0,1
95,6462,6552,0,0,0,1,0,0,0,1
95,6552,6643,0,0,0,1,0,0,0,1
95,6643,6735,0,0,0,1,0,0,0,1
95,6735,6827,0,0,0,1,0,0,0,1
95,6827,6918,0,0,0,1,0,0,0,1
95,6918,7009,0,0,0,1,0,0,0,1
95,7009,7101,0,0,0,1,0,0,0,1
95,7161,7222,0,1,0,1,0,0,0,1
96,7455,7466,0,0,1,0,0,1,0,1
96,7466,7558,0,0,1,0,0,1,0,1
96,7558,7648,0,0,1,0,0,1,0,1
96,7648,7739,0,0,1,0,1,0,0,1
96,7739,7831,0,0,1,0,1,0,0,1
96,7831,7923,0,0,1,0,1,0,0,1
96,7923,8013,0,0,1,0,1,0,0,1
96,8013,8104,0,0,1,1,0,0,0,1
96,8106,8109,0,1,1,1,0,0,0,1
97,7478,7558,0,0,1,0,0,1,0,0
97,7558,7648,0,0,1,0,0,1,0,0
97,7658,7728,0,0,1,0,1,0,0,0
97,7728,7820,0,0,1,0,1,0,1,0
97,7820,7912,0,0,1,0,1,0,1,0
97,7912,8002,0,0,1,0,1,0,1,0
98,7478,7558,0,0,0,0,0,1,0,0
98,7558,7648,0,0,0,0,0,1,0,0
98,7648,7739,0,0,0,0,1,0,0,0
98,7809,7880,0,0,0,0,1,0,0,0
98,7880,7972,0,0,0,0,1,0,1,0
98,7972,8062,0,0,0,0,1,0,1,0
98,8062,8153,0,0,0,1,0,0,1,0
98,8153,8245,0,0,0,1,0,0,0,0
98,8245,8337,0,0,0,1,0,0,0,0
98,8337,8428,0,0,0,1,0,0,0,0
98,8428,8519,0,0,0,1,0,0,0,0
98,8519,8611,0,0,0,1,0,0,0,0
98,8611,8703,0,0,0,1,0,0,0,0
99,7536,7558,0,0,1,1,0,0,0,1
99,7558,7648,0,0,1,1,0,0,0,1
99,7648,7739,0,0,1,1,0,0,0,1
99,7739,7831,0,0,1,1,0,0,0,1
99,7890,7950,0,0,1,1,0,0,0,1
100,7536,7558,0,0,1,1,0,0,0,1
100,7558,7648,0,0,1,1,0,0,0,1
100,7681,7715,0,0,1,1,0,0,0,1
101,7536,7558,0,0,1,0,0,1,0,1
101,7558,7648,0,0,1,0,0,1,0,1
101,7676,7705,0,0,1,0,1,0,0,1
102,7536,7558,0,0,1,0,0,1,0,1
102,7558,7648,0,0,1,0,0,1,0,1
102,7681,7715,0,0,1,0,1,0,0,1
103,7536,7558,0,0,1,0,0,1,0,1
103,7617,7677,0,0,1,0,0,1,0,1
104,7590,7648,0,0,1,0,0,1,0,1
104,7648,7739,0,0,1,0,1,0,0,1
104,7789,7840,0,0,1,0,1,0,1,1
105,7591,7648,0,0,1,0,1,0,0,1
105,7648,7739,0,0,1,1,0,0,0,1
105,7739,7831,0,0,1,1,0,0,0,1
105,7901,7972,0,0,1,1,0,0,1,1
105,7972,8062,0,0,1,1,0,0,0,1
105,8062,8153,0,0,1,1,0,0,0,1
105,8153,8245,0,0,1,1,0,0,0,1
105,8245,8337,0,0,1,1,0,0,0,1
105,8358,8429,0,1,1,1,0,0,0,1
106,7257,7283,0,0,0,0,0,1,0,1
106,7335,7389,0,0,0,0,1,0,0,1
106,7389,7479,0,0,0,0,1,0,0,1
106,7479,7480,0,1,0,0,1,0,0,1
107,7590,7647,0,0,0,0,1,0,1,1
107,7647,7738,0,0,0,1,0,0,0,1
107,7738,7830,0,0,0,1,0,0,0,1
107,7830,7922,0,0,0,1,0,0,0,1
107,7922,8012,0,0,0,1,0,0,1,1
107,8090,8168,1,0,0,1,0,0,1,1
108,7590,7647,0,0,1,0,1,0,1,1
108,7647,7738,0,0,1,1,0,0,0,1
108,7738,7830,0,0,1,1,0,0,1,1
108,7837,7844,0,1,1,1,0,0,0,1
109,7590,7647,0,0,1,0,1,0,0,1
109,7647,7738,0,0,1,1,0,0,0,1
109,7738,7830,0,0,1,1,0,0,0,1
109,7830,7922,0,0,1,1,0,0,1,1
109,7922,8012,0,0,1,1,0,0,0,1
109,8012,8103,0,0,1,1,0,0,0,1
109,8103,8195,0,0,1,1,0,0,0,1
109,8195,8287,0,0,1,1,0,0,0,1
109,8287,8378,0,0,1,1,0,0,0,1
109,8378,8469,0,0,1,1,0,0,0,1
109,8469,8561,0,0,1,1,0,0,0,1
109,8561,8653,0,0,1,1,0,0,1,1
110,7590,7647,0,0,1,0,1,0,0,1
110,7647,7738,0,0,1,1,0,0,0,1
110,7797,7856,1,0,1,1,0,0,1,1
111,7590,7647,0,0,0,0,0,1,0,1
111,7647,7738,0,0,0,0,1,0,0,1
111,7738,7830,0,0,0,0,1,0,0,1
111,7830,7922,0,0,0,0,1,0,0,1
111,7922,8012,0,0,0,0,1,0,0,1
111,8012,8103,0,0,0,1,0,0,0,1
111,8103,8195,0,0,0,1,0,0,0,1
111,8195,8287,0,0,0,1,0,0,0,1
111,8287,8378,0,0,0,1,0,0,0,1
111,8378,8469,0,0,0,1,0,0,0,1
111,8469,8561,0,0,0,1,0,0,0,1
111,8561,8653,0,0,0,1,0,0,0,1
112,7591,7647,0,0,1,1,0,0,0,1
112,7647,7667,0,0,1,1,0,0,0,1
113,7591,7647,0,0,1,1,0,0,0,1
113,7647,7738,0,0,1,1,0,0,0,1
113,7738,7830,0,0,1,1,0,0,0,1
113,7830,7922,0,0,1,1,0,0,0,1
113,7922,8012,0,0,1,1,0,0,0,1
113,8012,8103,0,0,1,1,0,0,0,1
113,8103,8195,0,0,1,1,0,0,0,1
113,8195,8287,0,0,1,1,0,0,0,1
113,8287,8378,0,0,1,1,0,0,1,1
113,8357,8448,0,0,1,1,0,0,0,1
113,8448,8540,0,0,1,1,0,0,0,1
113,8540,8632,0,0,1,1,0,0,0,1
114,7591,7601,0,0,1,0,1,0,0,1
115,7591,7647,0,0,0,0,1,0,0,1
115,7647,7738,0,0,0,1,0,0,0,1
115,7738,7830,0,0,0,1,0,0,0,1
115,7830,7922,0,0,0,0,0,0,0,1
115,7922,8012,0,0,0,1,0,0,0,1
115,8033,8054,1,0,0,1,0,0,0,1
116,5458,5548,0,0,0,0,1,0,1,1
116,5548,5640,0,0,0,0,1,0,1,1
116,5640,5732,0,0,0,0,1,0,0,1
116,5732,5822,0,0,0,0,1,0,0,1
116,5822,5913,0,0,0,1,0,0,0,1
116,5913,6005,0,0,0,1,0,0,0,1
116,6005,6097,0,0,0,1,0,0,0,1
116,6097,6187,0,0,0,1,0,0,0,1
116,6268,6350,0,1,0,1,0,0,0,1
117,7593,7648,0,0,0,0,0,1,0,1
117,7648,7739,0,0,0,0,1,0,0,1
117,7739,7831,0,0,0,0,1,0,0,1
117,7831,7923,0,0,0,0,1,0,0,1
117,7923,8013,0,0,0,0,1,0,1,1
117,8013,8104,0,0,0,1,0,0,1,1
117,8132,8161,1,0,0,1,0,0,0,1
118,7593,7648,0,0,1,0,0,1,0,1
118,7648,7739,0,0,1,0,1,0,0,1
118,7739,7831,0,0,1,0,1,0,0,1
118,7831,7923,0,0,1,0,1,0,1,1
118,7923,8013,0,0,1,0,1,0,0,1
118,8013,8104,0,0,1,1,0,0,0,1
118,8104,8196,0,0,1,1,0,0,0,1
118,8196,8288,0,0,1,1,0,0,0,1
118,8288,8379,0,0,1,1,0,0,0,1
118,8447,8516,1,0,1,1,0,0,0,1
119,7593,7648,0,0,1,0,0,1,0,1
119,7648,7739,0,0,1,0,1,0,0,1
119,7821,7904,0,0,1,0,1,0,1,1
120,7419,7466,0,0,1,0,1,0,0,1
120,7466,7558,0,0,1,0,1,0,0,1
120,7558,7648,0,0,1,0,1,0,0,1
120,7648,7739,0,0,1,1,0,0,0,1
120,7739,7831,0,0,1,1,0,0,0,1
120,7831,7923,0,0,1,1,0,0,0,1
120,7923,8015,0,0,1,1,0,0,0,1
120,8015,8105,0,0,1,1,0,0,0,1
120,8105,8196,0,0,1,1,0,0,0,1
120,8196,8288,0,0,1,1,0,0,0,1
121,7637,7648,0,0,1,0,0,1,0,1
121,7648,7739,0,0,1,0,1,0,0,1
121,7739,7831,0,0,1,0,1,0,0,1
121,7831,7923,0,0,1,0,1,0,0,1
121,7923,8013,0,0,1,0,1,0,0,1
121,8013,8104,0,0,1,1,0,0,0,1
121,8191,8279,0,1,1,1,0,0,0,1
122,7637,7648,0,0,0,0,0,1,0,1
122,7648,7739,0,0,0,0,1,0,0,1
122,7739,7831,0,0,0,0,1,0,0,1
122,7868,7906,0,0,0,0,1,0,0,1
123,7637,7648,0,0,1,0,0,1,0,1
123,7648,7739,0,0,1,0,1,0,0,1
124,5458,5548,0,0,0,1,0,0,1,1
124,5548,5640,0,0,0,1,0,0,1,1
124,5640,5732,0,0,0,1,0,0,1,1
124,5732,5822,0,0,0,1,0,0,1,1
124,5822,5913,0,0,0,1,0,0,0,1
124,5913,6005,0,0,0,1,0,0,0,1
124,6012,6020,0,1,0,1,0,0,0,1
125,7637,7648,0,0,1,0,0,1,0,1
125,7648,7739,0,0,1,0,1,0,0,1
125,7739,7831,0,0,1,0,1,0,0,1
125,7831,7923,0,0,1,0,1,0,0,1
125,7923,8015,0,0,1,0,1,0,0,1
125,8015,8105,0,0,1,1,0,0,0,1
125,8105,8196,0,0,1,1,0,0,0,1
125,8196,8288,0,0,1,1,0,0,0,1
125,8288,8380,0,0,1,1,0,0,0,1
125,8380,8471,0,0,1,1,0,0,0,1
125,8471,8562,0,0,1,1,0,0,0,1
125,8562,8654,0,0,1,1,0,0,0,1
126,7696,7739,0,0,0,1,0,0,0,0
126,7739,7830,0,0,0,1,0,0,0,0
126,7830,7922,0,0,0,1,0,0,0,0
126,7922,8014,0,0,0,1,0,0,0,0
126,8014,8104,0,0,0,1,0,0,0,0
126,8104,8195,0,0,0,1,0,0,0,0
126,8195,8287,0,0,0,1,0,0,0,0
126,8287,8379,0,0,0,1,0,0,0,0
126,8379,8470,0,0,0,1,0,0,0,0
126,8470,8561,0,0,0,1,0,0,0,0
126,8561,8653,0,0,0,1,0,0,0,0
126,8653,8745,0,0,0,1,0,0,0,0
127,7727,7739,0,0,1,1,0,0,0,1
127,7739,7831,0,0,1,1,0,0,0,1
127,7831,7923,0,0,1,1,0,0,0,1
127,7923,8013,0,0,1,1,0,0,0,1
127,8013,8104,0,0,1,1,0,0,0,1
127,8104,8196,0,0,1,1,0,0,0,1
127,8196,8288,0,0,1,1,0,0,0,1
127,8288,8379,0,0,1,1,0,0,0,1
127,8379,8470,0,0,1,1,0,0,0,1
127,8475,8481,0,1,1,1,0,0,0,1
128,7772,7831,0,0,1,0,0,1,0,1
128,7831,7923,0,0,1,0,0,1,0,1
128,7923,8013,0,0,1,0,0,1,1,1
128,8013,8104,0,0,1,0,1,0,0,1
128,8104,8196,0,0,1,0,1,0,0,1
128,8196,8280,0,0,1,0,1,0,1,1
129,7817,7831,0,0,0,1,0,0,0,1
129,7831,7923,0,0,0,1,0,0,0,1
129,7923,8013,0,0,0,1,0,0,0,1
129,8013,8104,0,0,0,1,0,0,0,1
129,8104,8196,0,0,0,1,0,0,0,1
129,8196,8288,0,0,0,1,0,0,0,1
129,8310,8333,0,1,0,1,0,0,0,1
130,7815,7831,0,0,0,0,0,1,0,1
130,7831,7923,0,0,0,0,0,1,0,1
130,7923,8013,0,0,0,0,0,1,0,1
130,8013,8104,0,0,0,0,1,0,0,1
130,8104,8196,0,0,0,0,1,0,0,1
130,8196,8288,0,0,0,0,1,0,0,1
130,8366,8445,0,1,0,0,1,0,1,1
131,5458,5548,0,0,1,1,0,0,1,1
131,5548,5640,0,0,1,1,0,0,1,1
131,5640,5732,0,0,1,1,0,0,1,1
131,5758,5785,0,1,1,1,0,0,1,1
132,7781,7831,0,0,1,0,0,1,0,1
132,7831,7923,0,0,1,0,0,1,0,1
132,7923,8013,0,0,1,0,0,1,0,1
132,8097,8182,1,0,1,0,1,0,0,1
133,7823,7831,0,0,1,0,0,1,0,0
133,7831,7923,0,0,1,0,0,1,0,0
133,7923,8013,0,0,1,0,0,1,0,0
133,8013,8104,0,0,1,0,1,0,0,0
133,8104,8196,0,0,1,0,1,0,0,0
133,8196,8288,0,0,1,0,1,0,0,0
133,8356,8425,1,0,1,0,1,0,0,0
134,7837,7923,0,0,1,1,0,0,0,0
134,7923,8013,0,0,1,1,0,0,0,0
134,8013,8104,0,0,1,1,0,0,0,0
134,8104,8196,0,0,1,1,0,0,0,0
134,8196,8288,0,0,1,1,0,0,0,0
134,8288,8379,0,0,1,1,0,0,0,0
134,8448,8518,0,1,1,1,0,0,0,0
135,7880,7923,0,0,0,0,0,1,0,1
135,7923,8013,0,0,0,0,0,1,0,1
135,8013,8104,0,0,0,0,1,0,0,1
135,8104,8196,0,0,0,0,1,0,0,1
135,8196,8288,0,0,0,0,1,0,0,1
135,8288,8379,0,0,0,0,1,0,0,1
135,8379,8470,0,0,0,1,0,0,0,1
135,8470,8562,0,0,0,1,0,0,0,1
135,8562,8654,0,0,0,1,0,0,0,1
136,7880,7923,0,0,0,0,0,1,0,1
136,7923,8013,0,0,0,0,0,1,0,1
136,8013,8104,0,0,0,0,1,0,0,1
136,8104,8196,0,0,0,0,1,0,0,1
136,8196,8288,0,0,0,0,1,0,0,1
136,8288,8379,0,0,0,0,1,0,0,1
136,8379,8470,0,0,0,1,0,0,0,1
136,8491,8513,0,1,0,1,0,0,0,1
137,7900,7923,0,0,1,0,0,1,0,1
137,7923,8013,0,0,1,0,0,1,0,1
137,8013,8104,0,0,1,0,1,0,0,1
137,8104,8196,0,0,1,0,1,0,0,1
137,8268,8349,0,1,1,0,1,0,0,1
138,7929,8013,0,0,0,0,0,1,0,1
138,8013,8104,0,0,0,0,1,0,0,1
138,8169,8235,0,0,0,0,1,0,0,1
138,8235,8327,0,0,0,0,1,0,0,1
138,8377,8468,0,0,0,0,1,0,0,1
138,8468,8559,0,0,0,1,0,0,0,1
138,8559,8651,0,0,0,1,0,0,0,1
138,8651,8743,0,0,0,1,0,0,0,1
139,7929,8013,0,0,1,0,1,0,0,1
139,8013,8104,0,0,1,1,0,0,0,1
139,8104,8196,0,0,1,1,0,0,0,1
139,8196,8288,0,0,1,1,0,0,0,1
139,8288,8379,0,0,1,1,0,0,0,1
139,8379,8470,0,0,1,1,0,0,0,1
139,8470,8562,0,0,1,1,0,0,0,1
139,8562,8654,0,0,1,1,0,0,0,1
140,7929,8013,0,0,0,0,1,0,0,1
140,8013,8104,0,0,0,1,0,0,0,1
140,8104,8196,0,0,0,1,0,0,0,1
140,8196,8288,0,0,0,1,0,0,0,1
140,8288,8379,0,0,0,1,0,0,0,1
140,8379,8470,0,0,0,1,0,0,0,1
140,8470,8562,0,0,0,1,0,0,0,1
140,8562,8654,0,0,0,1,0,0,0,1
141,7929,8013,0,0,1,0,1,0,0,1
141,8013,8104,0,0,1,1,0,0,0,1
141,8104,8196,0,0,1,1,0,0,0,1
141,8196,8288,0,0,1,1,0,0,0,1
141,8288,8289,0,0,1,1,0,0,0,1
142,5458,5548,0,0,1,0,1,0,1,1
142,5548,5640,0,0,1,0,1,0,1,1
142,5640,5732,0,0,1,0,1,0,1,1
142,5732,5822,0,0,1,0,1,0,0,1
142,5822,5913,0,0,1,1,0,0,0,1
142,5913,6005,0,0,1,1,0,0,0,1
142,6005,6097,0,0,1,1,0,0,0,1
142,6097,6187,0,0,1,1,0,0,0,1
142,6187,6278,0,0,1,1,0,0,0,1
142,6278,6370,0,0,1,1,0,0,0,1
142,6391,6413,0,0,1,1,0,0,0,1
143,7929,8013,0,0,0,0,0,1,0,1
143,8013,8104,0,0,0,0,1,0,0,1
143,8104,8196,0,0,0,0,1,0,0,1
143,8196,8288,0,0,0,0,1,0,0,1
143,8288,8377,0,0,0,0,1,0,1,1
143,8377,8467,0,0,0,1,0,0,1,1
143,8467,8559,0,0,0,1,0,0,1,1
143,8559,8651,0,0,0,1,0,0,1,1
144,7930,8013,0,0,1,0,0,1,0,1
144,8013,8104,0,0,1,0,1,0,0,1
144,8104,8196,0,0,1,0,1,0,0,1
144,8196,8288,0,0,1,0,1,0,0,1
144,8288,8379,0,0,1,0,1,0,0,1
144,8379,8470,0,0,1,1,0,0,0,1
144,8513,8557,0,0,1,1,0,0,1,1
145,7930,8013,0,0,1,0,1,0,0,1
145,8013,8104,0,0,1,1,0,0,0,1
145,8183,8263,0,0,1,1,0,0,0,1
146,7930,8013,0,0,0,0,0,1,0,1
146,8013,8104,0,0,0,0,1,0,0,1
146,8104,8196,0,0,0,0,1,0,0,1
146,8196,8288,0,0,0,0,1,0,0,1
146,8302,8317,0,0,0,0,1,0,1,1
146,8440,8502,0,1,0,1,0,0,1,1
147,7931,8013,0,0,1,1,0,0,0,1
147,8040,8068,1,0,1,1,0,0,0,1
148,7931,8012,0,0,1,0,0,1,0,1
148,8012,8103,0,0,1,0,1,0,0,1
148,8103,8195,0,0,1,0,1,0,0,1
148,8195,8287,0,0,1,0,1,0,0,1
148,8287,8378,0,0,1,0,1,0,0,1
148,8378,8469,0,0,1,1,0,0,0,1
148,8469,8561,0,0,1,1,0,0,0,1
148,8561,8653,0,0,1,1,0,0,0,1
149,7931,8048,1,0,1,1,0,0,0,1
150,7939,7952,1,0,0,0,1,0,0,0
151,7945,7978,0,1,0,1,0,0,0,0
152,7956,7993,0,0,1,0,0,1,0,1
153,5080,5091,0,0,1,0,0,1,0,1
153,5091,5182,0,0,1,0,1,0,0,1
153,5182,5274,0,0,1,0,1,0,0,1
153,5274,5366,0,0,1,0,1,0,0,1
153,5401,5437,0,1,1,0,1,0,1,1
154,5458,5548,0,0,0,0,1,0,1,1
154,5548,5640,0,0,0,0,1,0,1,1
154,5640,5732,0,0,0,0,1,0,0,1
154,5732,5822,0,0,0,0,1,0,0,1
154,5822,5913,0,0,0,1,0,0,0,1
154,5913,6005,0,0,0,1,0,0,0,1
154,6005,6097,0,0,0,1,0,0,0,1
154,6116,6136,1,0,0,1,0,0,0,1
155,7965,8013,0,0,1,1,0,0,0,1
155,8013,8104,0,0,1,1,0,0,0,1
155,8104,8196,0,0,1,1,0,0,0,1
155,8201,8216,1,0,1,1,0,0,0,1
156,7965,8010,0,0,1,0,1,0,1,1
156,8010,8101,0,0,1,1,0,0,1,1
156,8101,8193,0,0,1,1,0,0,1,1
156,8193,8285,0,0,1,1,0,0,1,1
156,8285,8376,0,0,1,1,0,0,1,1
156,8376,8467,0,0,1,1,0,0,1,1
156,8467,8559,0,0,1,1,0,0,0,1
156,8559,8651,0,0,1,1,0,0,0,1
157,7965,8013,0,0,1,1,0,0,1,1
157,8013,8104,0,0,1,1,0,0,0,1
157,8104,8196,0,0,1,1,0,0,0,1
157,8196,8288,0,0,1,1,0,0,1,1
157,8348,8439,0,0,1,1,0,0,1,1
157,8439,8530,0,0,1,1,0,0,1,1
157,8530,8622,0,0,1,1,0,0,1,1
157,8622,8714,0,0,1,1,0,0,0,1
158,7965,8013,0,0,1,1,0,0,0,1
158,8013,8104,0,0,1,1,0,0,0,1
158,8104,8196,0,0,1,1,0,0,0,1
158,8196,8288,0,0,1,1,0,0,0,1
158,8288,8379,0,0,1,1,0,0,0,1
158,8379,8470,0,0,1,1,0,0,0,1
158,8470,8561,0,0,1,1,0,0,0,1
158,8561,8653,0,0,1,1,0,0,0,1
159,7965,8013,0,0,1,1,0,0,0,1
159,8013,8104,0,0,1,1,0,0,0,1
159,8104,8196,0,0,1,1,0,0,0,1
159,8196,8288,0,0,1,1,0,0,0,1
159,8288,8379,0,0,1,1,0,0,1,1
159,8379,8470,0,0,1,1,0,0,0,1
159,8470,8562,0,0,1,1,0,0,0,1
159,8562,8654,0,0,1,1,0,0,0,1
160,7966,8013,0,0,1,0,0,1,0,1
160,8013,8104,0,0,1,0,1,0,0,1
160,8104,8196,0,0,1,0,1,0,0,1
160,8196,8288,0,0,1,0,1,0,0,1
160,8288,8379,0,0,1,0,1,0,0,1
160,8379,8470,0,0,1,1,0,0,0,1
160,8470,8562,0,0,1,1,0,0,0,1
160,8562,8654,0,0,1,1,0,0,0,1
161,7966,8013,0,0,0,0,0,1,0,1
161,8013,8104,0,0,0,0,1,0,0,1
161,8104,8196,0,0,0,0,1,0,0,1
161,8196,8288,0,0,0,0,1,0,0,1
161,8358,8429,0,0,0,0,1,0,1,1
162,5467,5548,0,0,1,0,1,0,0,1
162,5548,5640,0,0,1,0,1,0,0,1
162,5640,5732,0,0,1,0,1,0,0,1
162,5732,5822,0,0,1,0,1,0,0,1
162,5822,5913,0,0,1,1,0,0,0,1
162,5913,6005,0,0,1,1,0,0,0,1
162,6067,6130,0,1,1,1,0,0,0,1
163,7838,7855,0,1,0,1,0,0,0,0
164,7799,7806,0,1,0,0,0,1,0,0
165,7801,7820,0,1,1,0,0,1,0,0
166,8077,8104,0,0,1,1,0,0,0,1
166,8104,8196,0,0,1,1,0,0,0,1
166,8196,8288,0,0,1,1,0,0,0,1
166,8288,8379,0,0,1,1,0,0,0,1
166,8379,8470,0,0,1,1,0,0,0,1
166,8470,8562,0,0,1,1,0,0,0,1
166,8562,8654,0,0,1,1,0,0,0,1
167,5467,5543,0,1,0,1,0,0,0,1
168,8121,8196,0,0,0,1,0,0,0,1
168,8196,8288,0,0,0,1,0,0,1,1
168,8288,8379,0,0,0,1,0,0,0,1
168,8379,8470,0,0,0,1,0,0,0,1
168,8531,8593,0,1,0,1,0,0,0,0
169,8133,8196,0,0,0,1,0,0,0,0
169,8232,8269,0,1,0,1,0,0,0,0
170,8170,8196,0,0,0,0,0,1,0,0
170,8196,8288,0,0,0,0,0,1,0,0
170,8288,8379,0,0,0,0,0,1,0,0
170,8379,8470,0,0,0,0,1,0,0,0
170,8561,8652,0,1,0,0,1,0,0,0
171,8174,8196,0,0,0,1,0,0,0,1
171,8196,8288,0,0,0,1,0,0,0,1
171,8288,8379,0,0,0,1,0,0,0,1
171,8379,8470,0,0,0,1,0,0,0,1
171,8470,8562,0,0,0,1,0,0,0,1
171,8562,8654,0,0,0,1,0,0,0,1
172,8174,8220,0,0,0,0,0,1,0,1
172,8220,8312,0,0,0,0,0,1,0,1
172,8312,8403,0,0,0,0,0,1,0,1
172,8403,8494,0,0,0,0,1,0,0,1
172,8494,8586,0,0,0,0,1,0,0,1
172,8586,8678,0,0,0,0,1,0,0,1
173,8150,8196,0,0,0,0,0,1,0,1
173,8196,8288,0,0,0,0,0,1,0,1
173,8288,8379,0,0,0,0,1,0,0,1
173,8505,8541,0,0,0,0,1,0,0,1
174,5467,5548,0,0,0,0,1,0,0,1
174,5548,5640,0,0,0,0,1,0,0,1
174,5640,5732,0,0,0,0,1,0,0,1
174,5732,5822,0,0,0,0,1,0,0,1
174,5822,5913,0,0,0,1,0,0,0,1
174,5913,6005,0,0,0,1,0,0,0,1
174,6005,6097,0,0,0,1,0,0,0,1
174,6097,6187,0,0,0,1,0,0,0,1
174,6187,6278,0,0,0,1,0,0,0,1
174,6278,6370,0,0,0,1,0,0,0,1
174,6370,6462,0,0,0,1,0,0,0,1
174,6462,6552,0,0,0,1,0,0,0,1
174,6552,6643,0,0,0,1,0,0,0,1
174,6643,6735,0,0,0,1,0,0,0,1
174,6735,6827,0,0,0,1,0,0,0,1
174,6827,6918,0,0,0,1,0,0,0,1
174,6918,7009,0,0,0,1,0,0,0,1
174,7009,7101,0,0,0,1,0,0,0,1
174,7101,7193,0,0,0,1,0,0,0,1
174,7193,7283,0,0,0,1,0,0,0,1
174,7283,7374,0,0,0,1,0,0,0,1
174,7412,7451,0,1,0,1,0,0,0,1
175,8149,8196,0,0,1,0,0,1,0,1
175,8196,8288,0,0,1,0,0,1,0,1
175,8288,8379,0,0,1,0,0,1,0,1
175,8379,8470,0,0,1,0,1,0,0,1
175,8470,8562,0,0,1,0,1,0,0,1
175,8562,8654,0,0,1,0,1,0,0,1
176,8149,8196,0,0,1,0,0,1,0,1
176,8196,8288,0,0,1,0,0,1,0,1
176,8288,8379,0,0,1,0,0,1,0,1
176,8425,8472,0,0,1,0,1,0,0,1
177,8211,8288,0,0,0,0,1,0,0,0
177,8288,8379,0,0,0,0,1,0,0,0
177,8379,8470,0,0,0,1,0,0,1,0
177,8541,8613,0,1,0,1,0,0,1,0
178,8211,8288,0,0,0,1,0,0,0,0
178,8333,8379,1,0,0,1,0,0,0,0
179,8211,8288,0,0,1,1,0,0,0,0
179,8288,8379,0,0,1,1,0,0,0,0
179,8379,8470,0,0,1,1,0,0,0,0
179,8470,8562,0,0,1,1,0,0,0,0
179,8562,8654,0,0,1,1,0,0,0,0
180,8215,8288,0,0,1,0,1,0,0,0
180,8343,8399,0,1,1,0,1,0,0,0
181,8224,8288,0,0,0,0,0,1,0,0
181,8288,8379,0,0,0,0,0,1,0,0
181,8379,8470,0,0,0,0,1,0,0,0
181,8470,8562,0,0,0,0,1,0,0,0
181,8601,8641,0,1,0,0,1,0,0,0
182,8224,8288,0,0,1,0,0,1,0,0
182,8288,8379,0,0,1,0,0,1,0,0
182,8379,8470,0,0,1,0,1,0,0,0
182,8470,8562,0,0,1,0,1,0,0,0
182,8601,8641,0,1,1,0,1,0,0,0
183,5467,5555,0,0,1,1,0,0,0,1
183,5555,5647,0,0,1,1,0,0,0,1
183,5647,5739,0,0,1,1,0,0,0,1
183,5739,5829,0,0,1,1,0,0,0,1
183,5829,5920,0,0,1,1,0,0,0,1
183,5920,6012,0,0,1,1,0,0,0,1
183,6012,6104,0,0,1,1,0,0,0,1
183,6104,6194,0,0,1,1,0,0,0,1
183,6194,6285,0,0,1,1,0,0,0,1
183,6285,6377,0,0,1,1,0,0,0,1
183,6377,6469,0,0,1,1,0,0,0,1
183,6469,6559,0,0,1,1,0,0,0,1
183,6559,6650,0,0,1,1,0,0,0,1
183,6650,6742,0,0,1,1,0,0,0,1
183,6742,6834,0,0,1,1,0,0,0,1
183,6834,6925,0,0,1,1,0,0,0,1
183,6925,7016,0,0,1,0,0,0,0,1
183,7016,7108,0,0,1,0,0,0,0,1
183,7108,7200,0,0,1,0,0,0,0,1
183,7200,7290,0,0,1,0,0,0,0,1
183,7290,7381,0,0,1,0,0,0,0,1
183,7381,7473,0,0,1,0,0,0,0,1
183,7523,7581,1,0,1,0,0,0,0,1
184,8239,8288,0,0,0,1,0,0,0,1
184,8288,8379,0,0,0,1,0,0,1,1
184,8379,8470,0,0,0,1,0,0,0,1
184,8470,8562,0,0,0,1,0,0,0,1
184,8562,8654,0,0,0,1,0,0,0,1
185,8239,8288,0,0,0,0,1,0,0,1
185,8288,8379,0,0,0,0,1,0,0,1
185,8379,8470,0,0,0,1,0,0,0,1
185,8470,8562,0,0,0,1,0,0,0,1
185,8562,8654,0,0,0,1,0,0,0,1
186,8239,8288,0,0,0,0,0,1,0,1
186,8288,8379,0,0,0,0,0,1,0,1
186,8427,8476,1,0,0,0,1,0,0,1
187,8239,8288,0,0,1,0,0,1,0,1
187,8288,8379,0,0,1,0,0,1,0,1
187,8379,8470,0,0,1,0,1,0,0,1
187,8470,8562,0,0,1,0,1,0,0,1
187,8562,8654,0,0,1,0,1,0,0,1
188,8239,8288,0,0,0,0,1,0,0,1
188,8288,8379,0,0,0,0,1,0,0,1
188,8379,8470,0,0,0,1,0,0,0,1
188,8478,8487,0,0,0,1,0,0,1,1
189,8239,8288,0,0,0,0,0,1,0,1
189,8288,8379,0,0,0,0,0,1,0,1
189,8379,8470,0,0,0,0,1,0,0,1
189,8470,8562,0,0,0,0,1,0,0,1
189,8562,8654,0,0,0,0,1,0,0,1
190,8248,8288,0,0,1,0,0,1,0,1
190,8288,8379,0,0,1,0,0,1,0,1
190,8379,8470,0,0,1,0,1,0,0,1
190,8470,8562,0,0,1,0,1,0,0,1
190,8562,8654,0,0,1,0,1,0,0,1
191,8248,8288,0,0,1,0,0,1,0,1
191,8288,8379,0,0,1,0,0,1,0,1
191,8379,8470,0,0,1,0,1,0,0,1
191,8470,8562,0,0,1,0,1,0,0,1
191,8562,8654,0,0,1,0,1,0,1,1
192,5461,5548,0,0,1,1,0,0,0,1
192,5548,5640,0,0,1,1,0,0,0,1
192,5640,5732,0,0,1,1,0,0,0,1
192,5732,5822,0,0,1,1,0,0,0,1
192,5822,5913,0,0,1,1,0,0,0,1
192,5913,6005,0,0,1,1,0,0,0,1
192,6005,6097,0,0,1,1,0,0,0,1
192,6116,6136,1,0,1,1,0,0,0,1
193,8248,8288,0,0,1,0,0,1,0,1
193,8288,8379,0,0,1,0,0,1,0,1
193,8379,8470,0,0,1,0,1,0,0,1
193,8527,8585,0,0,1,0,1,0,1,1
194,8249,8288,0,0,1,1,0,0,0,1
194,8322,8357,0,1,1,1,0,0,1,1
195,8249,8288,0,0,1,1,0,0,0,1
195,8368,8449,0,0,1,1,0,0,1,1
195,8449,8540,0,0,1,1,0,0,0,1
195,8540,8632,0,0,1,1,0,0,0,1
195,8632,8724,0,0,1,1,0,0,0,1
196,8249,8288,0,0,1,1,0,0,0,1
196,8288,8379,0,0,1,1,0,0,0,1
196,8379,8470,0,0,1,1,0,0,0,1
196,8470,8562,0,0,1,1,0,0,0,1
196,8562,8654,0,0,1,1,0,0,0,1
197,8249,8288,0,0,1,1,0,0,0,1
197,8355,8423,0,0,1,1,0,0,0,1
198,8249,8288,0,0,0,0,1,0,0,1
198,8288,8379,0,0,0,0,1,0,0,1
198,8379,8470,0,0,0,1,0,0,0,1
198,8470,8562,0,0,0,1,0,0,0,1
198,8562,8654,0,0,0,1,0,0,0,1
199,8249,8288,0,0,1,0,1,0,0,1
199,8288,8379,0,0,1,0,1,0,1,1
199,8379,8470,0,0,1,1,0,0,0,1
199,8470,8562,0,0,1,1,0,0,0,1
199,8562,8654,0,0,1,1,0,0,0,1
200,8265,8288,0,0,0,1,0,0,0,1
200,8288,8379,0,0,0,1,0,0,0,1
200,8379,8470,0,0,0,1,0,0,0,1
200,8470,8562,0,0,0,1,0,0,0,1
200,8562,8654,0,0,0,1,0,0,0,1
201,5461,5470,1,0,0,1,0,0,0,1
202,8265,8288,0,0,0,0,0,1,0,1
202,8288,8379,0,0,0,0,0,1,0,1
202,8379,8470,0,0,0,0,1,0,0,1
202,8470,8562,0,0,0,0,1,0,0,1
202,8562,8654,0,0,0,0,1,0,0,1
203,8300,8379,0,0,1,0,0,1,0,1
203,8379,8470,0,0,1,0,1,0,0,1
203,8470,8562,0,0,1,0,1,0,0,1
203,8562,8654,0,0,1,0,1,0,0,1
204,8300,8379,0,0,0,0,0,1,0,1
204,8379,8470,0,0,0,0,1,0,0,1
204,8470,8562,0,0,0,0,1,0,0,1
204,8562,8654,0,0,0,0,1,0,0,1
205,8300,8379,0,0,1,0,0,1,0,1
205,8379,8470,0,0,1,0,1,0,0,1
205,8470,8562,0,0,1,0,1,0,0,1
205,8562,8654,0,0,1,0,1,0,0,1
206,5458,5548,0,0,0,0,1,0,0,1
206,5548,5640,0,0,0,0,1,0,0,1
206,5640,5732,0,0,0,0,1,0,0,1
206,5732,5822,0,0,0,0,1,0,0,1
206,5822,5913,0,0,0,1,0,0,0,1
206,5913,6005,0,0,0,1,0,0,0,1
206,6061,6118,0,1,0,1,0,0,0,1
207,8275,8288,0,0,0,0,0,1,0,1
207,8288,8379,0,0,0,0,0,1,0,1
207,8379,8470,0,0,0,0,1,0,0,1
207,8470,8562,0,0,0,0,1,0,0,1
207,8562,8654,0,0,0,0,1,0,0,1
208,8275,8288,0,0,0,0,0,1,0,1
208,8288,8379,0,0,0,0,0,1,0,1
208,8379,8470,0,0,0,0,1,0,0,1
208,8470,8562,0,0,0,0,1,0,0,1
208,8562,8654,0,0,0,0,1,0,0,1
209,8275,8288,0,0,0,0,0,1,0,1
209,8288,8379,0,0,0,0,0,1,0,1
209,8379,8470,0,0,0,0,1,0,0,1
209,8470,8562,0,0,0,0,1,0,0,1
209,8562,8654,0,0,0,0,1,0,0,1
210,8301,8379,0,0,1,0,0,1,0,1
210,8387,8396,0,0,1,0,1,0,0,1
211,8301,8379,0,0,1,0,0,1,0,1
211,8379,8470,0,0,1,0,1,0,0,1
211,8470,8562,0,0,1,0,1,0,0,1
211,8562,8654,0,0,1,0,1,0,0,1
212,8301,8379,0,0,0,0,0,1,0,1
212,8379,8470,0,0,0,0,1,0,0,1
212,8470,8562,0,0,0,0,1,0,0,1
212,8562,8654,0,0,0,0,1,0,0,1
213,8301,8379,0,0,0,0,0,1,0,1
213,8379,8470,0,0,0,0,1,0,0,1
213,8559,8649,0,0,0,0,1,0,1,1
214,8301,8379,0,0,1,1,0,0,0,1
214,8379,8470,0,0,1,1,0,0,0,1
214,8470,8562,0,0,1,1,0,0,0,1
214,8562,8654,0,0,1,1,0,0,0,1
215,8301,8379,0,0,1,1,0,0,0,1
215,8379,8470,0,0,1,1,0,0,0,1
215,8470,8562,0,0,1,1,0,0,1,1
215,8562,8654,0,0,1,1,0,0,1,1
216,8301,8379,0,0,1,1,0,0,1,1
216,8379,8470,0,0,1,1,0,0,0,1
216,8470,8562,0,0,1,1,0,0,0,1
216,8562,8654,0,0,1,1,0,0,0,1
217,5470,5548,0,0,1,1,0,0,0,1
217,5548,5640,0,0,1,1,0,0,0,1
217,5640,5732,0,0,1,1,0,0,0,1
217,5732,5822,0,0,1,1,0,0,0,1
217,5822,5913,0,0,1,1,0,0,0,1
217,5913,6005,0,0,1,1,0,0,0,1
217,6079,6154,0,1,1,1,0,0,0,1
218,8301,8379,0,0,0,0,0,1,0,1
218,8379,8470,0,0,0,0,1,0,0,1
218,8470,8562,0,0,0,0,1,0,0,1
218,8600,8639,0,0,0,0,1,0,0,1
219,8301,8379,0,0,1,0,1,0,0,1
219,8379,8470,0,0,1,1,0,0,0,1
219,8470,8562,0,0,1,1,0,0,0,1
219,8562,8654,0,0,1,1,0,0,0,1
220,8301,8379,0,0,0,0,0,1,0,1
220,8440,8502,0,0,0,0,1,0,0,1
221,8302,8379,0,0,1,0,0,1,0,1
221,8379,8470,0,0,1,0,1,0,0,1
221,8470,8562,0,0,1,0,1,0,0,1
221,8562,8654,0,0,1,0,1,0,0,1
222,8302,8379,0,0,1,0,0,1,0,1
222,8379,8470,0,0,1,0,1,0,0,1
222,8470,8562,0,0,1,0,1,0,0,1
222,8562,8654,0,0,1,0,1,0,0,1
223,8302,8379,0,0,1,0,0,1,0,1
223,8379,8470,0,0,1,0,1,0,0,1
223,8470,8562,0,0,1,0,1,0,0,1
223,8562,8654,0,0,1,0,1,0,0,1
224,8330,8379,0,0,0,1,0,0,0,1
224,8379,8470,0,0,0,1,0,0,0,1
224,8470,8562,0,0,0,1,0,0,0,1
224,8562,8654,0,0,0,1,0,0,0,1
225,8330,8379,0,0,1,0,1,0,0,1
225,8454,8530,0,0,1,1,0,0,0,1
226,5470,5548,0,0,0,1,0,0,0,1
226,5548,5640,0,0,0,1,0,0,0,1
226,5640,5732,0,0,0,1,0,0,0,1
226,5732,5822,0,0,0,1,0,0,1,1
226,5822,5913,0,0,0,1,0,0,1,1
226,5913,6005,0,0,0,1,0,0,0,1
226,6005,6097,0,0,0,1,0,0,0,1
226,6159,6222,0,1,0,1,0,0,1,1
227,8330,8379,0,0,0,0,0,1,0,1
227,8379,8470,0,0,0,0,1,0,0,1
227,8503,8537,0,0,0,0,1,0,0,1
228,8331,8379,0,0,0,1,0,0,0,1
228,8379,8470,0,0,0,1,0,0,0,1
228,8470,8562,0,0,0,1,0,0,0,1
228,8562,8654,0,0,0,1,0,0,0,1
229,8331,8379,0,0,1,0,1,0,0,1
229,8379,8470,0,0,1,1,0,0,0,1
229,8470,8562,0,0,1,1,0,0,0,1
229,8562,8654,0,0,1,1,0,0,0,1
230,8334,8335,1,0,1,1,0,0,0,1
231,8334,8379,0,0,1,1,0,0,0,1
231,8379,8470,0,0,1,1,0,0,0,1
231,8470,8562,0,0,1,1,0,0,0,1
231,8562,8654,0,0,1,1,0,0,0,1
232,8331,8379,0,0,0,1,0,0,0,1
232,8331,8379,0,0,0,1,0,0,0,1
232,8379,8470,0,0,0,1,0,0,0,1
232,8470,8562,0,0,0,1,0,0,1,1
232,8562,8654,0,0,0,1,0,0,1,1
233,8331,8379,0,0,0,1,0,0,0,1
234,8331,8379,0,0,1,1,0,0,0,1
234,8379,8470,0,0,1,1,0,0,0,1
234,8559,8649,0,0,1,1,0,0,0,1
235,8331,8379,0,0,0,1,0,0,0,1
235,8379,8470,0,0,0,1,0,0,0,1
235,8470,8562,0,0,0,1,0,0,0,1
235,8562,8654,0,0,0,1,0,0,0,1
236,5080,5091,0,0,1,1,0,0,0,1
236,5091,5182,0,0,1,1,0,0,0,1
236,5182,5274,0,0,1,1,0,0,0,1
236,5274,5366,0,0,1,1,0,0,0,1
236,5366,5457,0,0,1,1,0,0,0,1
236,5502,5548,1,0,1,0,0,0,0,1
237,5470,5548,0,0,0,0,1,0,0,1
237,5548,5640,0,0,0,0,1,0,0,1
237,5640,5732,0,0,0,0,1,0,0,1
237,5732,5822,0,0,0,0,1,0,0,1
237,5822,5913,0,0,0,1,0,0,0,1
237,5913,6005,0,0,0,1,0,0,0,1
237,6005,6097,0,0,0,1,0,0,0,1
237,6097,6187,0,0,0,1,0,0,0,1
237,6187,6278,0,0,0,1,0,0,0,1
237,6278,6370,0,0,0,1,0,0,0,1
237,6370,6462,0,0,0,1,0,0,0,1
237,6462,6552,0,0,0,1,0,0,0,1
237,6552,6643,0,0,0,1,0,0,0,1
237,6643,6735,0,0,0,1,0,0,0,1
237,6735,6827,0,0,0,1,0,0,0,1
237,6827,6918,0,0,0,1,0,0,0,1
237,6955,6993,1,0,0,1,0,0,0,1
238,8331,8339,0,0,0,1,0,0,0,1
239,8333,8379,0,0,0,0,0,1,0,1
239,8379,8470,0,0,0,0,1,0,0,1
239,8470,8562,0,0,0,0,1,0,0,1
239,8562,8654,0,0,0,0,1,0,0,1
240,8333,8379,0,0,0,1,0,0,0,1
240,8379,8470,0,0,0,1,0,0,0,1
240,8470,8562,0,0,0,1,0,0,0,1
240,8562,8654,0,0,0,1,0,0,0,1
241,8333,8379,0,0,0,1,0,0,0,1
241,8379,8470,0,0,0,1,0,0,0,1
241,8470,8562,0,0,0,1,0,0,0,1
241,8562,8654,0,0,0,1,0,0,0,1
242,8332,8361,0,0,0,0,0,1,0,1
243,8332,8379,0,0,1,0,1,0,0,1
243,8379,8470,0,0,1,1,0,0,0,1
243,8470,8562,0,0,1,1,0,0,0,1
243,8562,8654,0,0,1,1,0,0,0,1
244,8332,8379,0,0,1,1,0,0,0,1
244,8379,8470,0,0,1,1,0,0,0,1
244,8478,8487,0,1,1,1,0,0,0,1
245,8332,8379,0,0,1,0,1,0,0,1
245,8461,8544,0,1,1,1,0,0,0,1
246,8338,8357,0,0,1,0,0,1,0,1
247,8338,8357,0,0,0,0,0,1,0,1
248,5470,5548,0,0,0,0,1,0,0,1
248,5548,5640,0,0,0,0,1,0,0,1
248,5640,5732,0,0,0,0,1,0,0,1
248,5732,5822,0,0,0,0,1,0,0,1
248,5822,5913,0,0,0,1,0,0,0,1
248,5913,6005,0,0,0,1,0,0,0,1
248,6005,6097,0,0,0,1,0,0,1,1
248,6097,6187,0,0,0,1,0,0,1,1
248,6187,6278,0,0,0,1,0,0,0,1
248,6278,6370,0,0,0,1,0,0,0,1
248,6370,6462,0,0,0,1,0,0,0,1
248,6462,6552,0,0,0,1,0,0,0,1
248,6602,6693,0,0,0,1,0,0,0,1
248,6693,6785,0,0,0,1,0,0,0,1
248,6785,6877,0,0,0,1,0,0,0,1
248,6877,6968,0,0,0,1,0,0,0,1
248,6968,7059,0,0,0,1,0,0,0,1
248,7059,7151,0,0,0,1,0,0,0,1
248,7151,7243,0,0,0,1,0,0,0,1
248,7243,7333,0,0,0,1,0,0,0,1
248,7333,7424,0,0,0,1,0,0,0,1
248,7424,7516,0,0,0,1,0,0,0,1
248,7516,7608,0,0,0,1,0,0,0,1
248,7608,7698,0,0,0,1,0,0,0,1
248,7698,7789,0,0,0,0,0,0,0,1
248,7806,7898,0,0,0,0,0,0,0,1
248,7898,7990,0,0,0,0,0,0,0,1
248,7990,8080,0,0,0,0,0,0,0,1
248,8080,8171,0,0,0,0,0,0,0,1
248,8171,8263,0,0,0,0,0,0,0,1
248,8263,8355,0,0,0,0,0,0,0,1
248,8331,8375,0,1,0,0,0,0,0,1
249,8338,8379,0,0,0,0,0,1,0,1
249,8407,8467,0,0,0,0,1,0,0,1
250,8349,8362,0,1,0,0,0,1,0,1
251,5470,5548,0,0,0,0,1,0,0,1
251,5548,5640,0,0,0,0,1,0,0,1
251,5640,5732,0,0,0,0,1,0,0,1
251,5732,5822,0,0,0,0,1,0,0,1
251,5822,5913,0,0,0,1,0,0,0,1
251,5913,6005,0,0,0,1,0,0,0,1
251,6005,6097,0,0,0,1,0,0,0,1
251,6097,6187,0,0,0,1,0,0,0,1
251,6187,6278,0,0,0,1,0,0,0,1
251,6278,6370,0,0,0,1,0,0,0,1
251,6370,6462,0,0,0,1,0,0,0,1
251,6462,6552,0,0,0,1,0,0,0,1
251,6552,6643,0,0,0,1,0,0,0,1
251,6643,6735,0,0,0,1,0,0,0,1
251,6735,6827,0,0,0,1,0,0,0,1
251,6827,6918,0,0,0,1,0,0,0,1
251,6918,7009,0,0,0,1,0,0,0,1
251,7009,7101,0,0,0,1,0,0,0,1
251,7101,7193,0,0,0,1,0,0,0,1
251,7193,7283,0,0,0,1,0,0,0,1
251,7283,7374,0,0,0,1,0,0,0,1
251,7374,7466,0,0,0,1,0,0,0,1
251,7466,7558,0,0,0,1,0,0,0,1
251,7558,7648,0,0,0,1,0,0,0,1
251,7648,7739,0,0,0,0,0,0,0,1
251,7739,7831,0,0,0,0,0,0,0,1
251,7831,7923,0,0,0,0,0,0,0,1
251,7923,8013,0,0,0,0,0,0,0,1
251,8013,8104,0,0,0,0,0,0,0,1
251,8104,8196,0,0,0,0,0,0,0,1
251,8196,8288,0,0,0,0,0,0,0,1
251,8319,8351,1,0,0,0,0,0,0,1
252,8397,8470,0,0,1,1,0,0,0,0
252,8470,8562,0,0,1,1,0,0,0,0
252,8562,8654,0,0,1,1,0,0,0,0
253,8471,8549,0,1,1,0,1,0,0,1
254,5646,5732,0,0,1,0,0,1,0,1
254,5732,5822,0,0,1,0,0,1,0,1
254,5822,5913,0,0,1,0,1,0,0,1
254,5913,6005,0,0,1,0,1,0,0,1
254,6005,6097,0,0,1,0,1,0,0,1
254,6097,6187,0,0,1,0,1,0,0,1
254,6187,6278,0,0,1,1,0,0,0,1
254,6278,6370,0,0,1,1,0,0,0,1
254,6370,6462,0,0,1,1,0,0,0,1
254,6521,6581,1,0,1,1,0,0,0,1
255,8504,8547,1,0,0,0,0,1,0,1
256,5646,5732,0,0,0,0,0,1,0,1
256,5732,5822,0,0,0,0,0,1,0,1
256,5822,5913,0,0,0,0,1,0,0,1
256,5913,6005,0,0,0,0,1,0,0,1
256,6005,6097,0,0,0,0,1,0,0,1
256,6097,6187,0,0,0,0,1,0,0,1
256,6187,6278,0,0,0,1,0,0,0,1
256,6278,6370,0,0,0,1,0,0,0,1
256,6370,6462,0,0,0,1,0,0,0,1
256,6462,6552,0,0,0,1,0,0,0,1
256,6552,6643,0,0,0,1,0,0,0,1
256,6643,6735,0,0,0,1,0,0,0,1
256,6735,6827,0,0,0,1,0,0,0,1
256,6827,6918,0,0,0,1,0,0,0,1
256,6918,7009,0,0,0,1,0,0,0,1
256,7009,7101,0,0,0,1,0,0,0,1
256,7101,7193,0,0,0,1,0,0,0,1
256,7193,7283,0,0,0,1,0,0,0,1
256,7283,7374,0,0,0,1,0,0,0,1
256,7374,7466,0,0,0,1,0,0,0,1
256,7466,7558,0,0,0,1,0,0,0,1
256,7558,7648,0,0,0,1,0,0,0,1
256,7648,7739,0,0,0,1,0,0,0,1
256,7739,7831,0,0,0,1,0,0,0,1
256,7831,7923,0,0,0,1,0,0,0,1
256,7923,8013,0,0,0,1,0,0,0,1
256,8013,8104,0,0,0,0,0,0,0,1
256,8104,8196,0,0,0,0,0,0,0,1
256,8196,8288,0,0,0,0,0,0,0,1
256,8288,8379,0,0,0,0,0,0,0,1
256,8379,8470,0,0,0,0,0,0,0,1
256,8470,8562,0,0,0,0,0,0,0,1
256,8562,8654,0,0,0,0,0,0,0,1
257,8480,8562,0,0,1,1,0,0,0,1
257,8562,8654,0,0,1,1,0,0,0,1
258,8516,8562,0,0,1,1,0,0,0,1
258,8562,8654,0,0,1,1,0,0,0,1
259,8525,8562,0,0,1,1,0,0,0,1
259,8562,8654,0,0,1,1,0,0,0,1
260,8526,8561,0,0,0,0,0,1,0,1
260,8561,8653,0,0,0,0,0,1,0,1
261,8529,8562,0,0,1,0,0,1,0,1
261,8562,8654,0,0,1,0,0,1,0,1
262,8530,8562,0,0,1,1,0,0,0,1
262,8562,8654,0,0,1,1,0,0,0,1
263,8562,8654,0,0,1,0,0,1,0,1
264,8568,8654,0,0,1,1,0,0,0,1
265,8571,8654,0,0,1,1,0,0,0,1
266,8574,8654,0,0,0,0,0,1,0,1
267,8584,8654,0,0,0,0,0,1,0,0
268,5626,5631,0,1,1,0,0,1,0,1
269,5850,5913,0,0,0,0,1,0,1,0
269,5913,6005,0,0,0,0,1,0,1,0
269,6005,6097,0,0,0,0,1,0,1,0
269,6097,6187,0,0,0,0,1,0,0,0
269,6187,6278,0,0,0,1,0,0,0,0
269,6278,6370,0,0,0,1,0,0,0,0
269,6370,6462,0,0,0,1,0,0,0,0
269,6462,6552,0,0,0,1,0,0,0,0
269,6552,6643,0,0,0,1,0,0,0,0
269,6643,6735,0,0,0,1,0,0,0,0
269,6735,6827,0,0,0,1,0,0,0,0
269,6827,6918,0,0,0,1,0,0,0,0
269,6918,7009,0,0,0,1,0,0,0,0
269,7009,7101,0,0,0,1,0,0,0,0
269,7101,7193,0,0,0,1,0,0,0,0
269,7193,7283,0,0,0,1,0,0,0,0
269,7283,7374,0,0,0,1,0,0,0,0
269,7374,7466,0,0,0,1,0,0,0,0
269,7466,7558,0,0,0,1,0,0,0,0
269,7558,7648,0,0,0,1,0,0,0,0
269,7648,7739,0,0,0,1,0,0,0,0
269,7739,7831,0,0,0,1,0,0,0,0
269,7831,7923,0,0,0,1,0,0,0,0
269,7923,8013,0,0,0,1,0,0,0,0
269,8013,8104,0,0,0,0,0,0,0,0
269,8104,8196,0,0,0,0,0,0,0,0
269,8196,8288,0,0,0,0,0,0,0,0
269,8288,8379,0,0,0,0,0,0,0,0
269,8379,8470,0,0,0,0,0,0,0,0
269,8470,8562,0,0,0,0,0,0,0,0
269,8562,8654,0,0,0,0,0,0,0,0
270,5080,5091,0,0,0,1,0,0,0,1
270,5091,5182,0,0,0,1,0,0,0,1
270,5182,5274,0,0,0,1,0,0,0,1
270,5274,5366,0,0,0,1,0,0,0,1
270,5366,5457,0,0,0,1,0,0,0,1
270,5457,5548,0,0,0,1,0,0,0,1
270,5548,5640,0,0,0,1,0,0,0,1
270,5640,5732,0,0,0,1,0,0,0,1
270,5732,5822,0,0,0,1,0,0,0,1
270,5822,5913,0,0,0,0,0,0,0,1
270,5913,6005,0,0,0,0,0,0,0,1
270,6005,6097,0,0,0,0,0,0,0,1
270,6097,6187,0,0,0,0,0,0,0,1
270,6187,6278,0,0,0,0,0,0,0,1
270,6278,6370,0,0,0,0,0,0,0,1
270,6370,6462,0,0,0,0,0,0,0,1
270,6462,6552,0,0,0,0,0,0,0,1
270,6552,6643,0,0,0,0,0,0,0,1
270,6643,6735,0,0,0,0,0,0,0,1
270,6735,6827,0,0,0,0,0,0,0,1
270,6827,6918,0,0,0,0,0,0,0,1
270,6918,7009,0,0,0,0,0,0,0,1
270,7009,7101,0,0,0,0,0,0,0,1
270,7133,7166,0,0,0,0,0,0,1,1
271,6102,6187,0,0,1,0,1,0,1,1
271,6187,6278,0,0,1,1,0,0,0,1
271,6278,6370,0,0,1,1,0,0,0,1
271,6370,6462,0,0,1,1,0,0,0,1
271,6462,6552,0,0,1,1,0,0,0,1
271,6552,6643,0,0,1,1,0,0,0,1
271,6643,6735,0,0,1,1,0,0,0,1
271,6735,6827,0,0,1,1,0,0,0,1
271,6827,6918,0,0,1,1,0,0,0,1
271,6918,7009,0,0,1,1,0,0,0,1
271,7009,7101,0,0,1,1,0,0,0,1
271,7101,7193,0,0,1,1,0,0,0,1
271,7193,7283,0,0,1,1,0,0,0,1
271,7283,7374,0,0,1,1,0,0,0,1
271,7374,7466,0,0,1,1,0,0,0,1
271,7466,7558,0,0,1,1,0,0,0,1
271,7558,7648,0,0,1,1,0,0,0,1
271,7648,7739,0,0,1,1,0,0,0,1
271,7739,7831,0,0,1,1,0,0,0,1
271,7831,7923,0,0,1,1,0,0,0,1
271,7923,8013,0,0,1,1,0,0,0,1
271,8013,8104,0,0,1,0,0,0,0,1
271,8104,8196,0,0,1,0,0,0,0,1
271,8237,8279,0,0,1,0,0,0,0,1
272,6844,6917,0,0,1,1,0,0,1,1
273,6101,6187,0,0,1,0,1,0,0,1
273,6187,6278,0,0,1,1,0,0,0,1
273,6278,6370,0,0,1,1,0,0,0,1
273,6370,6462,0,0,1,1,0,0,0,1
273,6462,6552,0,0,1,1,0,0,0,1
273,6552,6643,0,0,1,1,0,0,0,1
273,6643,6735,0,0,1,1,0,0,0,1
273,6805,6876,0,0,1,1,0,0,0,1
274,5080,5091,0,0,1,0,0,1,0,1
274,5091,5182,0,0,1,0,1,0,0,1
274,5182,5274,0,0,1,0,1,0,0,1
274,5274,5366,0,0,1,0,1,0,0,1
274,5366,5457,0,0,1,0,1,0,0,1
274,5457,5548,0,0,1,1,0,0,0,1
274,5548,5640,0,0,1,1,0,0,0,1
274,5640,5732,0,0,1,1,0,0,0,1
274,5732,5822,0,0,1,1,0,0,0,1
274,5822,5913,0,0,1,1,0,0,0,1
274,5913,6005,0,0,1,1,0,0,0,1
274,6005,6097,0,0,1,1,0,0,0,1
274,6097,6187,0,0,1,1,0,0,0,1
274,6187,6278,0,0,1,1,0,0,0,1
274,6330,6383,1,0,1,1,0,0,0,1
275,5815,5822,0,0,0,0,0,1,1,0
275,5822,5913,0,0,0,0,1,0,1,0
275,5913,6005,0,0,0,0,1,0,1,0
275,6033,6062,0,1,0,0,1,0,1,0
276,5814,5822,0,0,0,0,0,1,1,0
276,5888,5955,0,1,0,0,1,0,1,0
277,5815,5822,0,0,0,0,0,1,1,0
277,5874,5927,0,0,0,0,1,0,1,0
278,5815,5822,0,0,1,0,0,1,0,0
278,5822,5913,0,0,1,0,1,0,0,0
278,5926,5940,0,1,1,0,1,0,0,0
279,5815,5822,0,0,0,0,0,1,0,0
279,5822,5913,0,0,0,0,1,0,0,0
279,5913,6005,0,0,0,0,1,0,0,0
279,6005,6097,0,0,0,0,1,0,0,0
279,6097,6187,0,0,0,0,1,0,0,0
279,6187,6278,0,0,0,1,0,0,0,0
279,6330,6383,0,1,0,1,0,0,1,0
280,5815,5822,0,0,0,0,0,1,1,0
280,5822,5913,0,0,0,0,1,0,1,0
280,5983,6054,0,1,0,0,1,0,1,0
281,5815,5822,0,0,1,0,0,1,1,0
281,5822,5913,0,0,1,0,1,0,1,0
282,5081,5091,0,0,0,0,0,1,0,1
282,5091,5182,0,0,0,0,1,0,1,1
282,5182,5274,0,0,0,0,1,0,1,1
282,5274,5366,0,0,0,0,1,0,1,1
282,5366,5457,0,0,0,0,1,0,0,1
282,5457,5548,0,0,0,1,0,0,0,1
282,5548,5640,0,0,0,1,0,0,0,1
282,5640,5732,0,0,0,1,0,0,0,1
282,5732,5822,0,0,0,1,0,0,0,1
282,5822,5913,0,0,0,1,0,0,0,1
282,5913,6005,0,0,0,1,0,0,0,1
282,6005,6097,0,0,0,1,0,0,0,1
282,6097,6187,0,0,0,1,0,0,0,1
282,6187,6278,0,0,0,1,0,0,0,1
282,6278,6370,0,0,0,1,0,0,0,1
282,6370,6462,0,0,0,1,0,0,0,1
282,6462,6552,0,0,0,1,0,0,0,1
282,6552,6643,0,0,0,1,0,0,0,1
282,6643,6735,0,0,0,1,0,0,0,1
282,6735,6827,0,0,0,1,0,0,0,1
282,6827,6918,0,0,0,1,0,0,0,1
282,6918,7009,0,0,0,1,0,0,0,1
282,7009,7101,0,0,0,1,0,0,0,1
282,7101,7193,0,0,0,1,0,0,0,1
282,7193,7283,0,0,0,1,0,0,0,1
282,7283,7374,0,0,0,0,0,0,0,1
282,7374,7466,0,0,0,0,0,0,0,1
282,7466,7558,0,0,0,0,0,0,0,1
282,7558,7648,0,0,0,0,0,0,0,1
282,7689,7731,1,0,0,0,0,0,0,1
283,5815,5822,0,0,1,0,0,1,0,0
283,5822,5913,0,0,1,0,1,0,0,0
283,5913,6005,0,0,1,0,1,0,0,0
283,6005,6097,0,0,1,0,1,0,0,0
283,6097,6187,0,0,1,0,1,0,0,0
283,6187,6278,0,0,1,1,0,0,0,0
283,6278,6370,0,0,1,1,0,0,0,0
283,6370,6462,0,0,1,1,0,0,0,0
283,6462,6552,0,0,1,1,0,0,0,0
283,6552,6643,0,0,1,1,0,0,0,0
283,6643,6735,0,0,1,1,0,0,0,0
283,6735,6827,0,0,1,1,0,0,0,0
283,6827,6918,0,0,1,1,0,0,0,0
283,6918,7009,0,0,1,1,0,0,0,0
283,7009,7101,0,0,1,1,0,0,0,0
283,7101,7193,0,0,1,1,0,0,0,0
283,7193,7283,0,0,1,1,0,0,0,0
283,7283,7374,0,0,1,1,0,0,0,0
283,7374,7466,0,0,1,1,0,0,0,0
283,7466,7558,0,0,1,1,0,0,0,0
283,7558,7648,0,0,1,1,0,0,0,0
283,7648,7739,0,0,1,1,0,0,0,0
283,7739,7831,0,0,1,1,0,0,0,0
283,7831,7923,0,0,1,1,0,0,0,0
283,7923,8013,0,0,1,1,0,0,0,0
283,8013,8104,0,0,1,0,0,0,0,0
283,8104,8196,0,0,1,0,0,0,0,0
283,8196,8288,0,0,1,0,0,0,0,0
283,8288,8379,0,0,1,0,0,0,0,0
283,8379,8470,0,0,1,0,0,0,0,0
283,8470,8562,0,0,1,0,0,0,0,0
283,8562,8654,0,0,1,0,0,0,0,0
284,5815,5822,0,0,0,0,0,1,1,0
284,5860,5899,0,1,0,0,1,0,1,0
285,5815,5822,0,0,1,0,0,1,0,0
285,5822,5913,0,0,1,0,1,0,0,0
285,5913,6005,0,0,1,0,1,0,0,0
285,6005,6097,0,0,1,0,1,0,0,0
285,6097,6187,0,0,1,0,1,0,0,0
285,6187,6278,0,0,1,1,0,0,0,0
285,6278,6370,0,0,1,1,0,0,0,0
285,6370,6462,0,0,1,1,0,0,0,0
285,6462,6552,0,0,1,1,0,0,0,0
285,6552,6643,0,0,1,1,0,0,0,0
285,6643,6735,0,0,1,1,0,0,0,0
285,6735,6827,0,0,1,1,0,0,0,0
285,6827,6918,0,0,1,1,0,0,0,0
285,6918,7009,0,0,1,1,0,0,0,0
285,7009,7101,0,0,1,1,0,0,0,0
285,7101,7193,0,0,1,1,0,0,0,0
285,7193,7283,0,0,1,1,0,0,0,0
285,7283,7374,0,0,1,1,0,0,0,0
285,7374,7466,0,0,1,1,0,0,0,0
285,7466,7558,0,0,1,1,0,0,0,0
285,7558,7648,0,0,1,1,0,0,0,0
285,7648,7739,0,0,1,1,0,0,0,0
285,7739,7831,0,0,1,1,0,0,0,0
285,7831,7923,0,0,1,1,0,0,0,0
285,7923,8013,0,0,1,1,0,0,0,0
285,8013,8104,0,0,1,0,0,0,0,0
285,8104,8196,0,0,1,0,0,0,0,0
285,8196,8288,0,0,1,0,0,0,1,0
285,8366,8445,0,1,1,0,0,0,0,0
286,6102,6187,0,0,0,0,0,1,0,1
286,6187,6278,0,0,0,0,1,0,0,1
286,6278,6370,0,0,0,0,1,0,0,1
286,6370,6462,0,0,0,0,1,0,0,1
286,6462,6552,0,0,0,0,1,0,0,1
286,6552,6643,0,0,0,1,0,0,0,1
286,6643,6735,0,0,0,1,0,0,0,1
286,6735,6827,0,0,0,1,0,0,0,1
286,6827,6918,0,0,0,1,0,0,0,1
286,6918,7009,0,0,0,1,0,0,0,1
286,7009,7101,0,0,0,1,0,0,0,1
286,7101,7193,0,0,0,1,0,0,1,1
286,7193,7283,0,0,0,1,0,0,0,1
286,7283,7374,0,0,0,1,0,0,0,1
286,7374,7466,0,0,0,1,0,0,0,1
286,7466,7558,0,0,0,1,0,0,0,1
286,7558,7648,0,0,0,1,0,0,0,1
286,7648,7739,0,0,0,1,0,0,0,1
286,7739,7831,0,0,0,1,0,0,0,1
286,7831,7923,0,0,0,1,0,0,0,1
286,7923,8013,0,0,0,1,0,0,0,1
286,8013,8104,0,0,0,1,0,0,0,1
286,8104,8196,0,0,0,1,0,0,0,1
286,8196,8288,0,0,0,1,0,0,0,1
286,8288,8379,0,0,0,1,0,0,0,1
286,8379,8457,0,0,0,1,0,0,0,1
287,6102,6187,0,0,0,0,0,1,0,1
287,6187,6278,0,0,0,0,1,0,0,1
287,6278,6370,0,0,0,0,1,0,0,1
287,6370,6462,0,0,0,0,1,0,0,1
287,6462,6552,0,0,0,0,1,0,0,1
287,6552,6643,0,0,0,1,0,0,0,1
287,6643,6735,0,0,0,1,0,0,0,1
287,6794,6854,0,1,0,1,0,0,0,1
288,5080,5091,0,0,1,0,1,0,0,1
288,5091,5182,0,0,1,1,0,0,0,1
288,5182,5274,0,0,1,1,0,0,0,1
288,5274,5366,0,0,1,1,0,0,0,1
288,5366,5457,0,0,1,1,0,0,0,1
288,5457,5548,0,0,1,1,0,0,0,1
288,5548,5640,0,0,1,1,0,0,0,1
288,5640,5732,0,0,1,1,0,0,0,1
288,5732,5822,0,0,1,1,0,0,0,1
288,5822,5913,0,0,1,1,0,0,0,1
288,5913,6005,0,0,1,1,0,0,0,1
288,6005,6097,0,0,1,1,0,0,0,1
288,6097,6187,0,0,1,1,0,0,0,1
288,6187,6278,0,0,1,1,0,0,0,1
288,6278,6370,0,0,1,1,0,0,0,1
288,6370,6462,0,0,1,1,0,0,0,1
288,6462,6552,0,0,1,1,0,0,0,1
288,6552,6643,0,0,1,1,0,0,0,1
288,6643,6735,0,0,1,1,0,0,0,1
288,6735,6827,0,0,1,1,0,0,0,1
288,6827,6918,0,0,1,1,0,0,0,1
288,7005,7093,1,0,1,0,0,0,0,1
289,6102,6187,0,0,1,0,0,1,0,1
289,6187,6278,0,0,1,0,1,0,0,1
289,6278,6370,0,0,1,0,1,0,0,1
289,6370,6462,0,0,1,0,1,0,0,1
289,6462,6552,0,0,1,0,1,0,0,1
289,6595,6639,1,0,1,1,0,0,0,1
290,6102,6187,0,0,1,0,0,1,0,1
290,6187,6278,0,0,1,0,1,0,0,1
290,6278,6370,0,0,1,0,1,0,0,1
290,6395,6421,1,0,1,0,1,0,0,1
291,5081,5091,0,0,0,1,0,0,0,1
291,5091,5182,0,0,0,1,0,0,0,1
291,5182,5274,0,0,0,1,0,0,0,1
291,5274,5366,0,0,0,1,0,0,0,1
291,5366,5457,0,0,0,1,0,0,0,1
291,5457,5548,0,0,0,1,0,0,0,1
291,5548,5640,0,0,0,1,0,0,0,1
291,5640,5732,0,0,0,1,0,0,0,1
291,5732,5822,0,0,0,1,0,0,0,1
291,5822,5913,0,0,0,1,0,0,0,1
291,5913,6005,0,0,0,1,0,0,0,1
291,6005,6097,0,0,0,1,0,0,0,1
291,6097,6187,0,0,0,1,0,0,0,1
291,6187,6278,0,0,0,0,0,0,0,1
291,6278,6370,0,0,0,0,0,0,0,1
291,6370,6462,0,0,0,0,0,0,0,1
291,6462,6552,0,0,0,0,0,0,0,1
291,6552,6643,0,0,0,0,0,0,0,1
291,6643,6735,0,0,0,0,0,0,0,1
291,6735,6827,0,0,0,0,0,0,0,1
291,6827,6918,0,0,0,0,0,0,0,1
291,6918,7009,0,0,0,0,0,0,0,1
291,7009,7101,0,0,0,0,0,0,0,1
291,7101,7193,0,0,0,0,0,0,0,1
291,7193,7283,0,0,0,0,0,0,0,1
291,7288,7294,0,0,0,0,0,0,0,1
292,6270,6278,0,0,1,0,1,0,0,1
292,6278,6370,0,0,1,0,1,0,0,1
292,6370,6462,0,0,1,0,1,0,0,1
292,6462,6552,0,0,1,1,0,0,0,1
292,6552,6643,0,0,1,1,0,0,0,1
292,6643,6735,0,0,1,1,0,0,0,1
292,6735,6827,0,0,1,1,0,0,0,1
292,6827,6918,0,0,1,1,0,0,0,1
292,6918,7009,0,0,1,1,0,0,0,1
292,7009,7101,0,0,1,1,0,0,1,1
292,7101,7193,0,0,1,1,0,0,1,1
292,7205,7218,1,0,1,1,0,0,1,1
293,6101,6143,0,0,0,0,0,1,0,1
294,6101,6187,0,0,0,0,0,1,0,1
294,6248,6310,0,0,0,0,1,0,0,1
295,7419,7467,0,0,1,1,0,0,0,0
295,7467,7559,0,1,1,1,0,0,0,1
296,7257,7283,0,0,1,1,0,0,1,1
296,7283,7374,0,0,1,1,0,0,1,1
296,7374,7466,0,0,1,1,0,0,1,1
296,7477,7489,0,1,1,1,0,0,1,1
297,8470,8562,0,0,0,1,0,0,0,1
297,8562,8654,0,0,0,1,0,0,0,1
298,8531,8562,0,0,1,1,0,0,0,0
298,8576,8591,0,1,1,1,0,0,0,0
299,8598,8654,0,0,0,0,0,1,0,1
348,8196,8288,0,0,1,1,0,0,1,1
348,8302,8317,0,0,1,1,0,0,1,1
477,7717,7739,0,0,1,1,0,0,0,1
477,7739,7831,0,0,1,1,0,0,0,1
477,7831,7923,0,0,1,1,0,0,0,1
477,7923,8013,0,0,1,1,0,0,0,1
477,8013,8104,0,0,1,1,0,0,0,1
477,8104,8196,0,0,1,1,0,0,0,1
477,8232,8269,0,0,1,1,0,0,0,1
