SN,year,species,date,date,Alu,short_ID,sex,body_mass,right_tarsus,bill_length,wing_length,tail_body,date_dec_initially_ringed,date_initially_ringed,date_dec_last_observed,date_last_observed,status_last_observed,days_from_ringing_until_last_observation,age1,status1,Blanck1,Event_dateWBC,LastAgeWBC,status2,StatusWBC,Years_survivedWBC,Blanck2,ageC,statusC
1,2001,BC,20010131,1/31/2001,GN 41702,Y7,male,108,40.6,22.9,149,158,20010131,36922,20010501,5/1/2001,alive,90,390,0,,NA,NA,NA,NA,NA,,390,0
2,2001,BC,20010206,2/6/2001,GN 41703,W1,female,152,43.45,26.3,163,NA,20010206,36928,20010508,5/8/2001,alive,91,397,0,,NA,NA,NA,NA,NA,,397,0
3,2001,BC,20010211,2/11/2001,GN 41704,Y2,male,96,41.35,24,159,173,20010211,36933,20010501,5/1/2001,alive,79,390,0,,NA,NA,NA,NA,NA,,390,0
4,2001,BC,20010213,2/13/2001,GN 41705,W3,female,176,42.8,26,175,187,20010213,36935,20010222,2/22/2001,alive,9,322,0,,NA,NA,NA,NA,NA,,322,0
5,2001,BC,20010216,2/16/2001,GN 41706,Y4,male,110,39.4,27,160,185,20010216,36938,20010512,5/12/2001,alive,85,766,0,,NA,NA,NA,NA,NA,,766,0
6,2001,BC,20010216,2/16/2001,GN 41707,Y5,male,96,39.8,22.6,154,165,20010216,36938,20010513,5/13/2001,alive,86,402,0,,NA,NA,NA,NA,NA,,402,0
7,2001,BC,20010228,2/28/2001,GN 41708,BL,male,88,38.7,22.5,150,148,20010228,36950,20010511,5/11/2001,alive,72,400,0,,NA,NA,NA,NA,NA,,400,0
8,2001,BC,20010308,3/8/2001,GN 41713,YR,male,88,34.8,23.8,152,170,20010308,36958,20010512,5/12/2001,alive,65,766,0,,NA,NA,NA,NA,NA,,766,0
9,2001,BC,20010309,3/9/2001,GN 41714,RYS,male,95,39,24.5,157,180,20010309,36959,20010512,5/12/2001,alive,64,401,0,,NA,NA,NA,NA,NA,,401,0
10,2001,BC,20010312,3/12/2001,GN 41715,RED,male,110,38.8,24.6,149,NA,20010312,36962,20010512,5/12/2001,alive,61,401,0,,NA,NA,NA,NA,NA,,401,0
11,2001,BC,20010313,3/13/2001,GN 41716,YRCI,male,102,41.9,23.3,151,160,20010313,36963,20010512,5/12/2001,alive,60,766,0,,NA,NA,NA,NA,NA,,766,0
12,2001,BC,20010314,3/14/2001,GN 41717,RWF,female,163,40.4,25.7,170,155,20010314,36964,20010512,5/12/2001,alive,59,766,0,,NA,NA,NA,NA,NA,,766,0
13,2001,BC,20010315,3/15/2001,GN 41701,WRCI,female,152,41.4,25.7,174,200,20010315,36965,20010508,5/8/2001,alive,54,762,0,,NA,NA,NA,NA,NA,,762,0
14,2001,BC,20010316,3/16/2001,GN 41718,WROF,female,140,43.7,26.4,170,190,20010316,36966,20010325,3/29/2001,dead,13,722,1,,NA,NA,NA,NA,NA,,722,1
15,2001,BC,20010318,3/18/2001,GN 41720,YBCI,male,94,39.9,24.4,148,149,20010318,36968,20010512,5/12/2001,alive,55,766,0,,NA,NA,NA,NA,NA,,766,0
16,2001,BC,20010327,3/27/2001,GN 41724,WBLCI,female,162,41.6,26.1,172,190,20010327,36977,20020312,3/12/2002,alive,350,705,0,,NA,NA,NA,NA,NA,,705,0
17,2001,BC,20010327,3/27/2001,GN 41727,WBCI,female,174,44.5,26.9,170,183,20010327,36977,20010508,5/8/2001,alive,42,397,0,,NA,NA,NA,NA,NA,,397,0
18,2001,BC,20010331,3/31/2001,GN 41730,YBLCI,male,94,37.2,22.7,153,180,20010331,36981,20010512,5/12/2001,alive,42,766,0,,NA,NA,NA,NA,NA,,766,0
19,2001,BC,20010407,4/7/2001,GN 41734,green vertical edding stripe on wings,male,92,38.6,20.5,147,147,20010407,36988,20010407,4/7/2001,alive,0,731,0,,NA,NA,NA,NA,NA,,731,0
20,2001,BC,20010409,4/9/2001,GN 41735,BW black painted wings,female,168,41.7,26.2,172,195,20010409,36990,20010512,5/12/2001,alive,33,766,0,,NA,NA,NA,NA,NA,,766,0
21,2001,BC,20010417,4/17/2001,GN 41743,WGCI,female,181,43.6,24.8,165,179,20010417,36998,20010417,4/17/2001,alive,0,376,0,,NA,NA,NA,NA,NA,,376,0
22,2001,BC,20010420,4/20/2001,GN 41748,juv,male,95,40,24.8,154,NA,20010420,37001,20010420,4/20/2001,alive,0,45,0,,NA,NA,NA,NA,NA,,45,0
23,2001,BC,20010425,4/25/2001,GN 41751,YGCI,male,102,38,22,150,174,20010425,37006,20010429,4/29/2001,alive,4,753,0,,NA,NA,NA,NA,NA,,753,0
24,2001,BC,20010426,4/26/2001,GN 41752,SP/BLYT,male,95,37.6,24.4,151,163,20010426,37007,20020315,3/15/2002,alive,323,708,0,,NA,NA,NA,NA,NA,,708,0
25,2001,BC,20010503,5/3/2001,GN 41762,GRN,male,108,40.4,22.8,150,175,20010503,37014,20010503,5/3/2001,alive,0,392,0,,NA,NA,NA,NA,NA,,392,0
26,2001,BC,20010505,5/5/2001,GNRH female,GNRH female,female,175,42.3,24.4,175,195,20010505,37016,20010505,5/5/2001,alive,0,759,0,,NA,NA,NA,NA,NA,,759,0
27,2001,BC,20010511,5/11/2001,GN 41768,NA,male,99,38,23.8,155,180,20010511,37022,20010511,5/11/2001,alive,0,765,0,,NA,NA,NA,NA,NA,,765,0
28,2002,BC,20020113,1/13/2002,GN 41771,YEL,male,91,37.5,23.8,161,178,20020113,37269,20020124,1/24/2002,alive,11,658,0,,NA,NA,NA,NA,NA,,658,0
29,2002,BC,20020114,1/14/2002,GN 41772,WHI,female,165,44.7,28.5,176,185,20020114,37270,20020126,1/26/2002,dead,12,660,1,,NA,NA,NA,NA,NA,,660,1
30,2002,BC,20020115,1/15/2002,GN 41773,RED,male,88,37.6,21.8,142,176,20020115,37271,20020224,2/24/2002,alive,40,324,0,,NA,NA,NA,NA,NA,,324,0
31,2002,BC,20020117,1/17/2002,GN 41774,YBC,male,84,37.4,23.5,155,163,20020117,37273,20020217,2/17/2002,alive,31,317,0,,NA,NA,NA,NA,NA,,317,0
32,2002,BC,20020118,1/18/2002,GN 41775,YBS,male,101,40,23.6,153,157,20020118,37274,20020416,4/16/2002,alive,88,375,0,,NA,NA,NA,NA,NA,,375,0
33,2002,BC,20020118,1/18/2002,GN 41776,WBC,female,126,41,25,169,165,20020118,37274,20020416,4/16/2002,alive,88,740,0,,NA,NA,NA,NA,NA,,740,0
34,2002,BC,20020119,1/19/2002,GN 41777,WBS,female,167,42.6,26.6,167,173,20020119,37275,20020122,1/22/2002,dead,3,656,1,,NA,NA,NA,NA,NA,,656,1
35,2002,BC,20020120,1/20/2002,GN 41778,WGC,female,145,43.5,26.7,173,172,20020120,37276,20020420,4/20/2002,alive,90,744,0,,NA,NA,NA,NA,NA,,744,0
36,2002,BC,20020120,1/20/2002,GN 41779,YPC,male,110,39,24,166,164,20020120,37276,20020129,1/29/2002,dead,9,663,1,,NA,NA,NA,NA,NA,,663,1
37,2002,BC,20020121,1/21/2002,GN 41780,RBC,male,78,37,22.8,144,146,20020121,37277,20020202,2/2/2002,alive,12,302,0,,NA,NA,NA,NA,NA,,302,0
38,2002,BC,20020123,1/23/2002,GN 41781,WBS (2),female,153,41.6,22.8,168,175,20020123,37279,20020323,3/23/2002,alive,59,716,0,,NA,NA,NA,NA,NA,,716,0
39,2002,BC,20020125,1/25/2002,GN 41783,WPC,female,175,44.4,27.7,187,193,20020125,37281,20020217,2/17/2002,alive,23,682,0,,NA,NA,NA,NA,NA,,682,0
40,2002,BC,20020126,1/26/2002,GN 41784,RBS,male,94,39,21.9,150,152,20020126,37282,20020207,2/7/2002,alive,12,672,0,,NA,NA,NA,NA,NA,,672,0
41,2002,BC,20020127,1/27/2002,GN 41785,WBLC,female,141,41.4,24.8,160,178,20020127,37283,20020212,2/12/2002,alive,16,677,0,,NA,NA,NA,NA,NA,,677,0
42,2002,BC,20020201,2/1/2002,GN 41786,WHI (2),female,164,44.8,26.5,166,163,20020201,37288,20020221,2/21/2002,dead,20,686,1,,NA,NA,NA,NA,NA,,686,1
43,2002,BC,20020202,2/2/2002,GN 41787,WRC,female,180,42.3,25.4,176,172,20020202,37289,20020302,3/2/2002,dead,28,695,1,,NA,NA,NA,NA,NA,,695,1
44,2002,BC,20020203,2/3/2002,GN 41788,WGS,female,157,44.7,27.1,182,175,20020203,37290,20020223,2/23/2002,dead,20,323,1,,NA,NA,NA,NA,NA,,323,1
45,2002,BC,20020204,2/4/2002,GN 41789,RYC,male,106,39,21.3,158,170,20020204,37291,20020323,3/23/2002,alive,47,351,0,,NA,NA,NA,NA,NA,,351,0
46,2002,BC,20020206,2/6/2002,GN 41790,YGS,male,101,39.8,24.1,153,162,20020206,37293,20020223,2/23/2002,dead,17,323,1,,NA,NA,NA,NA,NA,,323,1
47,2002,BC,20020207,2/7/2002,GN 41791,RYS,male,97,39.8,23.4,150,160,20020207,37294,20020321,3/21/2002,alive,42,349,0,,NA,NA,NA,NA,NA,,349,0
48,2002,BC,20020208,2/8/2002,GN 41792,WBLS,female,165,42.8,26.1,179,184,20020208,37295,20020407,4/7/2002,alive,58,366,0,,NA,NA,NA,NA,NA,,366,0
49,2002,BC,20020212,2/12/2002,GN 41794,YGC,male,117,39.8,23.1,154,152,20020212,37299,20020416,4/16/2002,alive,63,375,0,,NA,NA,NA,NA,NA,,375,0
50,2002,BC,20020212,2/12/2002,GN 41795,WYC,female,172,43.1,25.7,174,165,20020212,37299,20020424,4/24/2002,alive,71,383,0,,NA,NA,NA,NA,NA,,383,0
51,2002,BC,20020217,2/17/2002,GN 41796,WYS,female,194,44.5,27.4,176,186,20020217,37304,20020407,4/7/2002,alive,49,731,0,,NA,NA,NA,NA,NA,,731,0
52,2002,BC,20020217,2/17/2002,GN 41797,RGC,male,101,40.4,22.9,155,160,20020217,37304,20020416,4/16/2002,alive,58,740,0,,NA,NA,NA,NA,NA,,740,0
53,2002,BC,20020222,2/22/2002,GN 41798,YBLC,male,97,39.4,25.2,152,165,20020222,37309,20020407,4/7/2002,alive,44,366,0,,NA,NA,NA,NA,NA,,366,0
54,2002,BC,20020301,3/1/2002,GN 41799,RWT,female,167,40.4,25,173,179,20020301,37316,20020416,4/16/2002,dead,46,375,1,,NA,NA,NA,NA,NA,,375,1
55,2002,BC,20020312,3/12/2002,GN 44352,YBLS,male,96,39.4,22.6,149,161,20020312,37327,20020318,3/18/2002,dead,6,346,1,,NA,NA,NA,NA,NA,,346,1
56,2002,BC,20020318,3/18/2002,GN 44357,YPS (2),male,98,38.9,23.3,157,161,20020318,37333,20020328,3/28/2002,alive,10,721,0,,NA,NA,NA,NA,NA,,721,0
57,2002,BC,20020325,3/25/2002,GN 44361,WW,female,151,40,25.4,178,175,20020325,37340,20020327,3/27/2002,alive,2,355,0,,NA,NA,NA,NA,NA,,355,0
58,2002,BC,20020404,4/4/2002,GN 44368,C11/12,male,99,37,22.8,155,161,20020404,37350,20020415,4/15/2002,alive,11,374,0,,NA,NA,NA,NA,NA,,374,0
59,2002,BC,20020406,4/6/2002,GN 44372,C14/15,female,178,44.3,24.5,173,173,20020406,37352,20020406,4/6/2002,alive,0,730,0,,NA,NA,NA,NA,NA,,730,0
60,2002,BC,20020406,4/6/2002,GN 44373,C13/14,female,180,43.5,25.7,173,175,20020406,37352,20020424,4/24/2002,alive,18,748,0,,NA,NA,NA,NA,NA,,748,0
61,2002,BC,20020409,4/9/2002,GN 44376,D11/12,male,90,39.7,21.5,154,152,20020409,37355,20020413,4/13/2002,alive,4,737,0,,NA,NA,NA,NA,NA,,737,0
62,2002,BC,20020410,4/10/2002,GN 44380,WBSmale,male,102,39.1,22,157,156,20020410,37356,20020421,4/21/2002,alive,11,745,0,,NA,NA,NA,NA,NA,,745,0
63,2002,BC,20020412,4/12/2002,GN 44384,D8/9,male,94,38.2,23.6,150,145,20020412,37358,20020416,4/16/2002,alive,4,375,0,,NA,NA,NA,NA,NA,,375,0
64,2002,BC,20020420,4/20/2002,GN 44393,D12/13,male,90,38.8,22.9,143,149,20020420,37366,20020424,4/24/2002,alive,4,748,0,,NA,NA,NA,NA,NA,,748,0
65,2002,BC,20020422,4/22/2002,GN 44395,C13/14,male,100,39.6,24.6,155,150,20020422,37368,20020424,4/24/2002,alive,2,383,0,,NA,NA,NA,NA,NA,,383,0
66,2002,BC,20020426,4/26/2002,brain no. 1,Block D beginning,male,102,NA,NA,NA,NA,20020426,37372,20020426,4/26/2002,Alive!,0,385,0,,NA,NA,NA,NA,NA,,385,0
67,2002,BC,20020426,4/26/2002,brain no. 2,Block D beginning,female,175,NA,NA,NA,NA,20020426,37372,20020426,4/26/2002,Alive!,0,385,0,,NA,NA,NA,NA,NA,,385,0
68,2002,BC,20020426,4/26/2002,brain no. 3,Block D beginning,female,178,NA,NA,NA,NA,20020426,37372,20020426,4/26/2002,Alive!,0,385,0,,NA,NA,NA,NA,NA,,385,0
69,2002,BC,20020426,4/26/2002,brain no. 4,Block D beginning,male,90,NA,NA,NA,NA,20020426,37372,20020426,4/26/2002,Alive!,0,385,0,,NA,NA,NA,NA,NA,,385,0
70,2002,BC,20020426,4/26/2002,brain no. 5,Block D beginning,female,175,NA,NA,NA,NA,20020426,37372,20020426,4/26/2002,Alive!,0,385,0,,NA,NA,NA,NA,NA,,385,0
71,2002,BC,20020427,4/27/2002,brain no. 6,Block D beginning,female,178,NA,NA,NA,NA,20020427,37373,20020427,4/27/2002,Alive!,0,386,0,,NA,NA,NA,NA,NA,,386,0
72,2002,BC,20020427,4/27/2002,brain no. 7,Block D beginning,female,174,NA,NA,NA,NA,20020427,37373,20020427,4/27/2002,Alive!,0,386,0,,NA,NA,NA,NA,NA,,386,0
73,2004,BC,20040124,1/24/2004,GN 44401,YALG,female,125,42,23,173,181,20040124,38010,20040213,2/13/2004,alive,20,678,0,,NA,NA,NA,NA,NA,,678,0
74,2004,BC,20040125,1/25/2004,GN 44402,WAP,female,158,43.6,24.8,179,160,20040125,38011,20040220,2/20/2004,alive,26,320,0,,NA,NA,NA,NA,NA,,320,0
75,2004,BC,20040126,1/26/2004,GN 44403,DGA,male,88,39,24,155,150,20040126,38012,20040126,1/26/2004,alive,0,295,0,,NA,NA,NA,NA,NA,,295,0
76,2004,BC,20040127,1/27/2004,GN 44404,PUAPU,female,154,44.4,36,180,180,20040127,38013,20040221,2/21/2004,alive,25,686,0,,NA,NA,NA,NA,NA,,686,0
77,2004,BC,20040128,1/28/2004,GN 44405,PUALG,male,102,39.6,23.6,162,161,20040128,38014,20040131,1/31/2004,alive,3,300,0,,NA,NA,NA,NA,NA,,300,0
78,2004,BC,20040128,1/28/2004,GN 44406,RAP,female,130,41,24,NA,NA,20040128,38014,20040202,2/2/2004,dead,5,667,1,,NA,NA,NA,NA,NA,,667,1
79,2004,BC,20040129,1/29/2004,GN 44407,LBAY,female,136,42.5,24,175,178,20040129,38015,20040220,2/20/2004,alive,22,685,0,,NA,NA,NA,NA,NA,,685,0
80,2004,BC,20040130,1/30/2004,GN 44408,DGAP,female,125,39.8,27.2,185,180,20040130,38016,20040220,2/20/2004,alive,21,320,0,,NA,NA,NA,NA,NA,,320,0
81,2004,BC,20040131,1/31/2004,GN 44409,RADG,male,84,37.5,22,157,160,20040131,38017,20040131,1/31/2004,alive,0,300,0,,NA,NA,NA,NA,NA,,300,0
82,2004,BC,20040201,2/1/2004,GN 44410,LBAPU,female,118,43.2,NA,175,167,20040201,38018,20040215,2/15/2004,alive,14,315,0,,NA,NA,NA,NA,NA,,315,0
83,2004,BC,20040201,2/1/2004,GN 44411,RALB,female,162,46,27.6,190,195,20040201,38018,20040220,2/20/2004,alive,19,685,0,,NA,NA,NA,NA,NA,,685,0
84,2004,BC,20040202,2/2/2004,GN 44412,PAY,female,128,43.6,24.9,169,171,20040202,38019,20040217,2/17/2004,alive,15,317,0,,NA,NA,NA,NA,NA,,317,0
85,2004,BC,20040203,2/3/2004,GN 44413,PUADG,female,151,41.4,25,173,175,20040203,38020,20040220,2/20/2004,alive,17,685,0,,NA,NA,NA,NA,NA,,685,0
86,2004,BC,20040204,2/4/2004,GN 44414,LBALB,male,94,38.6,23.8,154,152,20040204,38021,20040204,2/4/2004,alive,0,669,0,,NA,NA,NA,NA,NA,,669,0
87,2004,BC,20040204,2/4/2004,GN 44415,WAR,female,174,43.3,25.4,184,193,20040204,38021,20040219,2/19/2004,alive,15,319,0,,NA,NA,NA,NA,NA,,319,0
88,2004,BC,20040206,2/6/2004,GN 44416,LBAW,female,140,39.8,26.9,173,170,20040206,38023,20040220,2/20/2004,alive,14,685,0,,NA,NA,NA,NA,NA,,685,0
89,2004,BC,20040206,2/6/2004,GN 44417,YAR,female,168,45.9,27.2,178,175,20040206,38023,20040220,2/20/2004,alive,14,320,0,,NA,NA,NA,NA,NA,,320,0
90,2004,BC,20040206,2/6/2004,GN 44418,LGALG,female,152,42.9,25,179,183,20040206,38023,20040220,2/20/2004,alive,14,320,0,,NA,NA,NA,NA,NA,,320,0
91,2004,BC,20040209,2/9/2004,GN 44419,YAP,female,144,44,25.8,178,175,20040209,38026,20040221,2/21/2004,alive,12,686,0,,NA,NA,NA,NA,NA,,686,0
92,2004,BC,20040209,2/9/2004,GN 44420,DGAPU,female,143,41.2,26.2,167,179,20040209,38026,20040220,2/20/2004,alive,11,320,0,,NA,NA,NA,NA,NA,,320,0
93,2004,WBC,20040216,2/16/2004,GN 44421,WBC1,female,124,39.4,27.3,155,195,20040216,38033,20040216,2/16/2004,alive,0,323,0,,9/29/2004,549,1,dead,1.504109589,,549,1
94,2004,WBC,20040217,2/17/2004,GN 44423,WBC3,female,148,41.4,29.2,162,210,20040217,38034,20040217,2/17/2004,alive,0,324,0,,9/29/2004,549,1,dead,1.504109589,,549,1
95,2004,BC,20040117,1/17/2004,NA_01,NA,female,122,44,24.6,170,NA,20040117,38003,20040117,1/17/2004,alive!,0,286,0,,NA,NA,NA,NA,NA,,286,0
96,2004,BC,20040119,1/19/2004,NA_02,NA,female,124,38.7,24,164,NA,20040119,38005,20040119,1/19/2004,alive!,0,288,0,,NA,NA,NA,NA,NA,,288,0
97,2004,BC,20040120,1/20/2004,NA_03,NA,female,148,43.2,25.3,180,NA,20040120,38006,20040120,1/20/2004,alive!,0,654,0,,NA,NA,NA,NA,NA,,654,0
98,2004,BC,20040121,1/21/2004,NA_04,NA,female,141,41.7,24.7,178,NA,20040121,38007,20040121,1/21/2004,alive!,0,290,0,,NA,NA,NA,NA,NA,,290,0
99,2004,BC,20040122,1/22/2004,NA_05,NA,female,128,42.1,24,169,NA,20040122,38008,20040122,1/22/2004,alive!,0,291,0,,NA,NA,NA,NA,NA,,291,0
100,2004,BC,20040122,1/22/2004,NA_06,NA,female,133,42.8,26.5,179,NA,20040122,38008,20040122,1/22/2004,alive!,0,656,0,,NA,NA,NA,NA,NA,,656,0
101,2004,BC,20040204,2/4/2004,NA_07,NA,male,98,40.3,22.4,158,165,20040204,38021,20040204,2/4/2004,alive!,0,304,0,,NA,NA,NA,NA,NA,,304,0
102,2004,BC,20040123,1/23/2004,NA_08,NA,male,94,38.8,21.4,140,134,20040123,38009,20040123,1/23/2004,alive!,0,657,0,,NA,NA,NA,NA,NA,,657,0
103,2004,BC,20040126,1/26/2004,NA_09,NA,male,91,38.7,21.5,151,150,20040126,38012,20040126,1/26/2004,alive!,0,295,0,,NA,NA,NA,NA,NA,,295,0
104,2004,BC,20040123,1/23/2004,NA_10,NA,male,94,38.3,22.4,147,NA,20040123,38009,20040123,1/23/2004,alive!,0,292,0,,NA,NA,NA,NA,NA,,292,0
105,2004,BC,20040123,1/23/2004,NA_11,NA,male,90,38.3,23.4,150,NA,20040123,38009,20040123,1/23/2004,alive!,0,292,0,,NA,NA,NA,NA,NA,,292,0
106,2004,BC,20040123,1/23/2004,NA_12,NA,male,78,37.6,23.7,153,167,20040123,38009,20040123,1/23/2004,alive!,0,657,0,,NA,NA,NA,NA,NA,,657,0
107,2004,WBC,20040217,2/17/2004,GN 44422,WBC2,male,124,39.9,27.9,149,190,20040217,38034,20040217,2/17/2004,alive,0,324,0,,9/29/2004,549,1,dead,1.504109589,,549,1
108,2005,BC,20050127,1/27/2005,GN 44424,B GR,female,161.5,40.8,NA,174,173,20050127,38379,20050127,1/27/2005,alive,0,661,0,,NA,NA,NA,NA,NA,,661,0
109,2005,BC,20050128,1/28/2005,GN 44425,B YB,female,184,42.2,25.4,177,193,20050128,38380,20050425,4/25/2005,alive,87,749,0,,NA,NA,NA,NA,NA,,749,0
110,2005,BC,20050128,1/28/2005,GN 44426,B RLG,female,179,43.2,26.2,176,161,20050128,38380,20050207,2/7/2005,alive,10,307,0,,NA,NA,NA,NA,NA,,307,0
111,2005,BC,20050129,1/29/2005,GN 44427,B PW,male,101,40.3,22.7,158,168,20050129,38381,20050220,2/20/2005,alive,22,320,0,,NA,NA,NA,NA,NA,,320,0
112,2005,BC,20050129,1/29/2005,GN 44428,B WLB,female,181,40.8,26,182,188,20050129,38381,20050501,5/1/2005,alive,92,390,0,,NA,NA,NA,NA,NA,,390,0
113,2005,BC,20050203,2/3/2005,GN 44430,B LBAR,female,180,41.8,24,174,199,20050203,38386,20050304,3/4/2005,dead,29,697,1,,NA,NA,NA,NA,NA,,697,1
114,2005,BC,20050204,2/4/2005,GN 44431,B WAG,female,178,43.4,25.4,186,196,20050204,38387,20050312,3/12/2005,alive,36,340,0,,NA,NA,NA,NA,NA,,340,0
115,2005,BC,20050204,2/4/2005,GN 44432,B RAY,male,98,38.5,22.6,164,160,20050204,38387,20050213,2/13/2005,alive,9,313,0,,NA,NA,NA,NA,NA,,313,0
116,2005,BC,20050205,2/5/2005,GN 44433,B YAG,male,94,37.4,23.9,156,151,20050205,38388,20050216,2/16/2005,alive,11,316,0,,NA,NA,NA,NA,NA,,316,0
117,2005,BC,20050206,2/6/2005,GN 44435,B LBAW,female,186,41.4,24,185,190,20050206,38389,20050222,2/22/2005,alive,16,322,0,,NA,NA,NA,NA,NA,,322,0
118,2005,BC,20050207,2/7/2005,GN 44436,NA,male,104,39.6,22.8,169,155,20050207,38390,20050207,2/7/2005,alive!,0,307,0,,NA,NA,NA,NA,NA,,307,0
119,2005,BC,20050208,2/8/2005,GN 44437,B VAR,female,168,40.8,26,169,157,20050208,38391,20050419,4/19/2005,alive,70,378,0,,NA,NA,NA,NA,NA,,378,0
120,2005,BC,20050208,2/8/2005,GN 44438,B PUAO,female,162,40,27.9,184,180,20050208,38391,20050401,4/1/2005,alive,52,360,0,,NA,NA,NA,NA,NA,,360,0
121,2005,BC,20050210,2/10/2005,GN 44439,NA,female,180,44.9,27.3,175,169,20050210,38393,20050211,2/11/2005,alive,1,311,0,,NA,NA,NA,NA,NA,,311,0
122,2005,BC,20050212,2/12/2005,GN 44442,NA,female,200,44.15,25.4,171,169,20050212,38395,20050213,2/13/2005,alive,1,678,0,,NA,NA,NA,NA,NA,,678,0
123,2005,BC,20050214,2/14/2005,GN 44443,B GAY,female,214,43.6,25.6,190,197,20050214,38397,20050415,4/15/2005,alive,60,739,0,,NA,NA,NA,NA,NA,,739,0
124,2005,BC,20050216,2/16/2005,GN 44444,B PAY,female,195,43.5,25,186,190,20050216,38399,20050517,5/17/2005,alive,90,771,0,,NA,NA,NA,NA,NA,,771,0
125,2005,BC,20050217,2/17/2005,GN 44445,NA,female,170,44.9,24.4,190,185,20050217,38400,20050218,2/18/2005,alive,1,683,0,,NA,NA,NA,NA,NA,,683,0
126,2005,BC,20050217,2/17/2005,GN 44446,B GALB,female,173,39.4,24,180,195,20050217,38400,20050228,2/28/2005,alive,11,328,0,,NA,NA,NA,NA,NA,,328,0
127,2005,BC,20050219,2/19/2005,GN 44448,B LGAW,female,169,41.8,24.3,183,175,20050216,38399,20050410,4/10/2005,alive,53,369,0,,NA,NA,NA,NA,NA,,369,0
128,2005,BC,20050220,2/20/2005,GN 44449,NA,female,NA,42.8,23.1,171,180,20050220,38403,20050221,2/21/2005,alive,1,321,0,,NA,NA,NA,NA,NA,,321,0
129,2005,BC,20050223,2/23/2005,GN 44451,B YAP,male,102,39.1,23.6,159,160,20050216,38399,20050306,3/6/2005,dead,18,334,1,,NA,NA,NA,NA,NA,,334,1
130,2005,BC,20050225,2/25/2005,GN 44452,NA,female,167,42,26,175,156,20050225,38408,20050226,2/26/2005,alive,1,326,0,,NA,NA,NA,NA,NA,,326,0
131,2005,WBC,20050201,2/1/2005,GN 44429,W-WR,male,146,41,27.9,159,203,20050201,38384,20050422,4/22/2005,alive,80,388,0,,9/20/2005,539,1,dead,1.476712329,,539,1
132,2005,WBC,20050228,2/28/2005,GN 44454,W-PADB,female,183,41,28.5,165,220,20050228,38411,20050521,5/21/2005,alive,82,417,0,,9/20/2005,539,1,dead,1.476712329,,539,1
133,2005,WBC,20050206,2/6/2005,GN 44434,W-RAP,male,165,40.1,28.6,165,216,20050206,38389,20050318,3/18/2005,dead,40,353,1,,3/18/2005,353,1,dead,0.967123288,,353,1
134,2005,BC,20050303,3/3/2005,GN 44456,B DBAP,male,97,37.9,22.9,158,162,20050303,38414,20050308,3/8/2005,alive,5,336,0,,NA,NA,NA,NA,NA,,336,0
135,2005,BC,20050304,3/4/2005,GN 44457,B VAP,female,171,43.4,24.9,166,172,20050304,38415,20050305,3/5/2005,alive,1,333,0,,NA,NA,NA,NA,NA,,333,0
136,2005,BC,20050306,3/6/2005,GN 44458,B YALG,female,156,43.8,25.9,181,192,20050226,38409,20050316,3/16/2005,alive,18,344,0,,NA,NA,NA,NA,NA,,344,0
137,2005,WBC,20050211,2/11/2005,GN 44440,W-YAG,male,139,41.7,28.3,155,185,20050211,38394,20050430,4/30/2005,alive,78,396,0,,9/20/2005,539,1,dead,1.476712329,,539,1
138,2005,BC,20050309,3/9/2005,GN 44461,B LGAL,female,171,43.4,26.1,163,169,20050309,38420,20050310,3/10/2005,alive,1,338,0,,NA,NA,NA,NA,NA,,338,0
139,2005,WBC,20050312,3/12/2005,GN 44462,W-DBAR,female,155,41.6,28.2,170,236,20050309,38420,20050516,5/16/2005,alive,68,412,0,,9/20/2005,539,1,dead,1.476712329,,539,1
140,2005,BC,20050313,3/13/2005,GN 44465,B DBALG,female,152,42.6,25,174,176,20050313,38424,20050314,3/14/2005,alive,1,342,0,,NA,NA,NA,NA,NA,,342,0
141,2005,BC,20050315,3/15/2005,GN 44470,B OALB,male,93,35.4,20.2,150,159,20050314,38425,20050330,3/30/2005,alive,16,358,0,,NA,NA,NA,NA,NA,,358,0
142,2005,BC,20050315,3/15/2005,GN 44471,B DGAP,male,105,41.9,22.8,164,180,20050315,38426,20050518,5/18/2005,alive,64,407,0,,NA,NA,NA,NA,NA,,407,0
143,2005,BC,20050315,3/15/2005,GN 44472,B RAO,female,166,40.4,24.7,168,170,20050315,38426,20050316,3/16/2005,alive,1,344,0,,NA,NA,NA,NA,NA,,344,0
144,2005,BC,20050316,3/16/2005,GN 44474,B DGAW,female,166,38.9,21.2,173,173,20050316,38427,20050317,3/17/2005,alive,1,710,0,,NA,NA,NA,NA,NA,,710,0
145,2005,BC,20050320,3/20/2005,GN 44476,B AO,female,169,43.15,27.5,177,178,20050320,38431,20050321,3/21/2005,alive,1,349,0,,NA,NA,NA,NA,NA,,349,0
146,2005,BC,20050325,3/25/2005,GN 44478,B OAW,male,95,38.1,21,147,152,20050325,38436,20050517,5/17/2005,alive,53,406,0,,NA,NA,NA,NA,NA,,406,0
147,2005,BC,20050325,3/25/2005,GN 44479,B DBAR,female,172,41.8,25.9,181,180,20050325,38436,20050326,3/26/2005,alive,1,354,0,,NA,NA,NA,NA,NA,,354,0
148,2005,BC,20050326,3/26/2005,GN 44480,B DBAY,male,NA,38.9,23.9,157,161,20050310,38421,20050415,4/15/2005,alive,36,739,0,,NA,NA,NA,NA,NA,,739,0
149,2005,WBC,20050330,3/30/2005,GN 44482,W-DGAP,female,140,41.9,22.7,169,199,20050327,38438,20050523,5/23/2005,alive,57,419,0,,9/20/2005,539,1,dead,1.476712329,,539,1
150,2005,WBC,20050403,4/2/2005,GN 44483,W-LGAO,female,166,44.45,29.9,167,223,20050327,38438,20050411,4/11/2005,alive,15,377,0,,9/20/2005,539,1,dead,1.476712329,,539,1
151,2005,WBC,20050403,4/3/2005,GN 44484,GN44484,male,NA,39.45,23.8,150,205,20050403,38445,20050403,4/3/2005,alive,0,369,0,,9/20/2005,539,1,dead,1.476712329,,539,1
152,2005,BC,20050403,4/3/2005,GN 44485,B YADB,male,96,37.8,22.4,154,164,20050403,38445,20050403,4/3/2005,alive,0,362,0,,NA,NA,NA,NA,NA,,362,0
153,2005,BC,20050403,4/3/2005,GN 44486,B WAW,female,192,46.05,27.9,188,187,20050403,38445,20050420,4/20/2005,alive,17,379,0,,NA,NA,NA,NA,NA,,379,0
154,2005,BC,20050406,4/6/2005,GN 44487,B DBADB,female,154,41.55,26.6,174,176,20050406,38448,20050406,4/6/2005,alive,0,365,0,,NA,NA,NA,NA,NA,,365,0
155,2005,BC,20050408,4/8/2005,GN 44491,B LAW,male,91,37.2,21.5,153,162,20050407,38449,20050509,5/9/2005,alive,32,398,0,,NA,NA,NA,NA,NA,,398,0
156,2005,BC,20050409,4/9/2005,GN 44493,B PALB,male,110,40.6,23.6,161,158,20050404,38446,20050522,5/22/2005,alive,48,411,0,,NA,NA,NA,NA,NA,,411,0
157,2005,BC,20050409,4/9/2005,GN 44494,B OAO,female,172,41.15,25.2,165,163,20050409,38451,20050409,4/9/2005,alive,0,368,0,,NA,NA,NA,NA,NA,,368,0
158,2005,BC,20050410,4/10/2005,GN 44498,B YAY,female,180,42.7,25.2,173,163,20050410,38452,20050410,4/10/2005,alive,0,369,0,,NA,NA,NA,NA,NA,,369,0
159,2005,BC,20050410,4/10/2005,GN 44499,B RAR,male,105,39.05,24.9,158,160,20050410,38452,20050410,4/10/2005,alive,0,734,0,,NA,NA,NA,NA,NA,,734,0
160,2005,BC,20050414,4/14/2005,GN 52355,B WADG,male,92,36.3,21.2,NA,NA,20050414,38456,20050422,4/22/2005,alive,8,381,0,,NA,NA,NA,NA,NA,,381,0
161,2005,BC,20050425,4/25/2005,GN 52369,B YALB,female,174,39.4,23.7,166,176,20050407,38449,20050525,5/25/2005,alive,48,414,0,,NA,NA,NA,NA,NA,,414,0
162,2005,WBC,20050211,2/11/2005,GN 44441,W-LBAR,male,140,39.9,26.7,160,197,20050211,38394,20050516,5/16/2005,alive,94,412,0,,9/20/2005,539,1,dead,1.476712329,,539,1
163,2005,BC,20050507,5/7/2005,GN 52380,B YAV,male,96,42.8,25.1,163,160,20050501,38473,20050525,5/25/2005,alive,24,779,0,,NA,NA,NA,NA,NA,,779,0
164,2005,WBC,20050523,5/23/2005,GN 52387,W-DGAW,female,149,41.2,28.2,162,211,20050523,38495,20050527,5/27/2005,alive,4,423,0,,9/20/2005,539,1,dead,1.476712329,,539,1
165,2005,WBC,20050218,2/18/2005,GN 44447,W-GAY,male,151,42.1,28.6,160,207,20050218,38401,20050516,5/16/2005,alive,87,412,0,,9/20/2005,539,1,dead,1.476712329,,539,1
166,2005,WBC,20050222,2/22/2005,GN 44450,W-RAW,male,117,40.8,26.3,151,187,20050222,38405,20050517,5/17/2005,alive,84,413,0,,9/20/2005,539,1,dead,1.476712329,,539,1
167,2005,WBC,20050226,2/26/2005,GN 44453,W-YAR,male,134,39.9,27.7,152,202,20050226,38409,20050515,5/15/2005,alive,78,411,0,,9/20/2005,539,1,dead,1.476712329,,539,1
168,2005,WBC,20050228,2/28/2005,GN 44455,W-WAY,male,131,40.5,26,160,195,20050228,38411,20050521,5/21/2005,alive,82,417,0,,9/20/2005,539,1,dead,1.476712329,,539,1
169,2005,WBC,20050309,3/9/2005,GN 44460,W-GN44460,male,117,39.2,24.8,156,194,20050309,38420,20050309,3/9/2005,alive,0,344,0,,9/20/2005,539,1,dead,1.476712329,,539,1
170,2005,WBC,20050430,4/30/2005,GN 52375,W-OAR,male,141,41.3,27.8,158,197,20050430,38472,20050526,5/26/2005,alive,26,422,0,,9/20/2005,539,1,dead,1.476712329,,539,1
171,2006,BC,20060414,4/14/2006,GN 52384,BAY,female,190,44.9,26.8,173,176.5,20050430,38472,20060414,4/14/2006,alive,349,349,0,,NA,NA,NA,NA,NA,,349,0
172,2006,BC,20060202,2/6/2006,GN 52393,GAO,male,102,38.9,21.6,163,169,20060202,38754,20060305,3/5/2006,alive,27,333,0,,NA,NA,NA,NA,NA,,333,0
173,2006,WBC,20060125,1/25/2006,GN 52394,W-AYB,female,150,54.4,32.2,160,198.5,20060125,38742,20060317,3/17/2006,alive,51,352,0,,9/25/2006,544,1,dead,1.490410959,,544,1
174,2006,BC,20060208,2/8/2006,GN 52397,YAG,female,133,40.8,25.5,174,164,20060208,38756,20060329,3/29/2006,alive,49,357,0,,NA,NA,NA,NA,NA,,357,0
175,2006,WBC,20060209,2/9/2006,GN 52399,W-RYA,female,143,44.5,29.8,161,197,20060209,38757,20060416,4/16/2006,alive,66,382,0,,9/25/2006,544,1,dead,1.490410959,,544,1
176,2006,BC,10060218,2/18/2006,GN 52401,RAO,female,148,42.8,24.3,182,186,10060218,38766,20060315,3/15/2006,dead,25,343,1,,NA,NA,NA,NA,NA,,343,1
177,2006,BC,20060226,2/26/2006,GN 52402,RAR,female,134,44.1,25.6,174,165,20060226,38774,20060424,4/24/2006,alive,57,748,0,,NA,NA,NA,NA,NA,,748,0
178,2006,BC,20060227,2/27/2006,GN 52403,BAG,female,139,44.8,25.3,176,NA,20060227,38775,20060409,4/9/2006,alive,41,368,0,,NA,NA,NA,NA,NA,,368,0
179,2006,BC,20060314,3/14/2006,GN 52405,BAB,female,176,43.4,26.4,183,184,20060314,38790,20060424,4/24/2006,alive,41,748,0,,NA,NA,NA,NA,NA,,748,0
180,2006,BC,20060316,3/16/2006,GN 52407,BAO,female,160,43.8,25.3,182,195.5,20060316,38792,20060424,4/24/2006,alive,39,748,0,,NA,NA,NA,NA,NA,,748,0
181,2006,BC,20060316,3/16/2006,GN 52408,BAR,male,95,39,22.4,150,152,20060316,38792,20060409,4/9/2006,alive,24,733,0,,NA,NA,NA,NA,NA,,733,0
182,2006,BC,20060318,3/18/2006,GN 52409,GAG,male,89,37.5,22.3,156,149,20060318,38794,20060404,4/4/2006,alive,17,363,0,,NA,NA,NA,NA,NA,,363,0
183,2006,BC,20060318,3/18/2006,GN 52410,WAW,male,97,37.6,22.8,147,161,20060318,38794,20060407,4/7/2006,alive,20,366,0,,NA,NA,NA,NA,NA,,366,0
184,2006,WBC,20060318,3/18/2006,GN 52411,W-WAW,female,163,41.8,23.6,151,205,20060318,38794,20060416,4/16/2006,alive,29,382,0,,9/25/2006,544,1,dead,1.490410959,,544,1
185,2006,BC,20060323,3/23/2006,GN 52413,WAY,female,153,42.6,25.5,182,178.5,20060323,38799,20060424,4/24/2006,alive,32,383,0,,NA,NA,NA,NA,NA,,383,0
186,2006,BC,20060325,3/25/2006,GN 52414,GAG,male,89,36.4,21.6,148,NA,20060325,38801,20060325,3/25/2006,alive,0,353,0,,NA,NA,NA,NA,NA,,353,0
187,2006,BC,20060329,3/29/2006,GN 52415,OAY,male,97,39.3,22.1,161,164.5,20060329,38805,20060424,4/24/2006,alive,26,748,0,,NA,NA,NA,NA,NA,,748,0
188,2006,BC,20060406,4/6/2006,GN 52419,YAW,female,180,45.1,23.9,172,173,20060406,38813,20060424,4/24/2006,alive,18,748,0,,NA,NA,NA,NA,NA,,748,0
189,2006,BC,20060407,4/7/2006,GN 52420,WAB,female,150,40.3,25,172,180.5,20060407,38814,20060407,4/7/2006,alive,0,731,0,,NA,NA,NA,NA,NA,,731,0
190,2006,BC,20060412,4/12/2006,GN 52421,WAG,female,162,42,25.7,170,NA,20060412,38819,20060420,4/20/2006,alive,8,744,0,,NA,NA,NA,NA,NA,,744,0
191,2006,BC,20060414,4/14/2006,GN 52422,YAO,female,121,41.9,25.1,170,173,20060414,38821,20060426,4/23/2006,alive,9,382,0,,NA,NA,NA,NA,NA,,382,0
192,2006,BC,20060415,4/15/2006,GN 52423,OAW,male,102,40,21.9,157,152,20060415,38822,20060415,4/15/2006,alive,0,739,0,,NA,NA,NA,NA,NA,,739,0
193,2006,BC,20060417,4/17/2006,GN 52424,RAY,female,161,42.5,25.6,171,176.5,20060417,38824,20060417,4/17/2006,alive,0,741,0,,NA,NA,NA,NA,NA,,741,0
194,2006,BC,20060418,4/18/2006,GN 52426,GAY,female,164,43.8,27.1,171,175,20060418,38825,20060418,4/18/2006,alive,0,742,0,,NA,NA,NA,NA,NA,,742,0
195,2006,BC,20060420,4/20/2006,GN 52427,YAR,male,116,39,22.8,163,163.5,20060420,38827,20060420,4/20/2006,alive,0,379,0,,NA,NA,NA,NA,NA,,379,0
196,2006,BC,20060420,4/20/2006,GN 52428,RAB,female,164,41.5,26.6,166,166.5,20060420,38827,20060424,4/24/2006,alive,4,383,0,,NA,NA,NA,NA,NA,,383,0
197,2006,BC,20060421,4/21/2006,GN 52429,OAB,male,93,39.5,22.3,162,157.5,20060421,38828,20060421,4/21/2006,alive,0,380,0,,NA,NA,NA,NA,NA,,380,0
198,2006,BC,20060421,4/21/2006,GN 52430,GAB,male,98,40.5,22.3,160,164.5,20060421,38828,20060421,4/21/2006,alive,0,745,0,,NA,NA,NA,NA,NA,,745,0
199,2006,BC,20060421,4/21/2006,GN 52431,WAO,male,97,37.9,21.8,165,169,20060421,38828,20060421,4/21/2006,alive,0,380,0,,NA,NA,NA,NA,NA,,380,0
200,2006,BC,20060421,4/21/2006,GN 52432,YAB,female,164,39.9,25.1,178,176,20060421,38828,20060421,4/21/2006,alive,0,380,0,,NA,NA,NA,NA,NA,,380,0
201,2006,BC,20060425,4/25/2006,GN 52444,WAR,female,150,45.4,24.2,180,177,20060425,38832,20060425,4/25/2006,alive,0,749,0,,NA,NA,NA,NA,NA,,749,0
202,2006,BC,20060425,4/25/2006,GN 52445,RYA,female,179,40.8,25.7,182,185.5,20060425,38832,20060425,4/25/2006,alive,0,384,0,,NA,NA,NA,NA,NA,,384,0
203,2006,BC,20060425,4/25/2006,GN 52446,RAG,male,113,42.2,23.1,165,164,20060425,38832,20060425,4/25/2006,alive,0,749,0,,NA,NA,NA,NA,NA,,749,0
204,2006,WBC,20060201,2/1/2006,GN 52395,W-OAG,male,138,41.9,31.2,160,220,20060201,38749,20060329,3/29/2006,alive,56,364,0,,9/25/2006,544,1,dead,1.490410959,,544,1
205,2006,WBC,20060207,2/7/2006,GN 52396,W-RAR,female,143,40,27.1,164,206,20060207,38755,20060322,3/22/2006,dead,43,357,1,,3/22/2006,357,1,dead,0.978082192,,357,1
206,2006,WBC,20060209,2/9/2006,GN 52398,W-BAW,male,142,42.5,27.7,157,202,20060209,38757,20060409,4/9/2006,alive,59,375,0,,9/25/2006,544,1,dead,1.490410959,,544,1
207,2006,WBC,20060210,2/10/2006,GN 52400,W-WAG,male,142,43.4,28.2,159,209,20060210,38758,20060219,2/19/2006,alive,9,326,0,,9/25/2006,544,1,dead,1.490410959,,544,1
208,2006,WBC,20060307,3/7/2006,GN 52404,W-YAB,male,117,41.7,27.5,159,209,20060307,38783,20060405,4/5/2006,alive,29,371,0,,9/25/2006,544,1,dead,1.490410959,,544,1
209,2006,WBC,20060314,3/14/2006,GN 52406,W-OAO,male,146,41.2,27.5,159,190,20060314,38790,20060416,4/16/2006,alive,33,382,0,,9/25/2006,544,1,dead,1.490410959,,544,1
210,2006,WBC,20060322,3/22/2006,GN 52412,W-YAY,male,140,40,26.3,148,201,20060322,38798,20060416,4/16/2006,alive,25,382,0,,9/25/2006,544,1,dead,1.490410959,,544,1
211,2007,BC,20070226,2/26/2007,GN 52308,WAR,female,175,42.6,24.5,176,183,20070226,39139,20080224,2/24/2008,alive,363,689,0,,NA,NA,NA,NA,NA,,689,0
212,2007,BC,20070226,2/26/2007,GN 52309,YAW,female,167,39.7,26.4,174,173,20070226,39139,20070319,3/19/2007,alive,21,712,0,,NA,NA,NA,NA,NA,,712,0
213,2007,BC,20070228,2/28/2007,GN 52310,GAW,female,188,42.7,26,183,189,20070228,39141,20070317,3/17/2007,alive,17,345,0,,NA,NA,NA,NA,NA,,345,0
214,2007,BC,20070228,2/28/2007,GN 52311,BAR,female,196,43.5,25.6,177,191,20070228,39141,20070320,3/20/2007,alive,20,713,0,,NA,NA,NA,NA,NA,,713,0
215,2007,BC,20070301,3/1/2007,GN 52312,NA,male,97,39.8,23,154,171,20070301,39142,20070301,3/1/2007,alive,0,329,0,,NA,NA,NA,NA,NA,,329,0
216,2007,BC,20070302,3/2/2007,GN 52313,OAB,female,163,43,25.1,172,173,20070302,39143,20070311,3/11/2007,alive,9,339,0,,NA,NA,NA,NA,NA,,339,0
217,2007,BC,20070303,3/3/2007,GN 52314,GAY,female,171,41.4,25.2,172,169,20070303,39144,20070317,3/17/2007,alive,14,345,0,,NA,NA,NA,NA,NA,,345,0
218,2007,BC,20070304,3/4/2007,GN 52315,NA,male,92,37.4,23.3,150,159,20070304,39145,20070304,3/4/2007,alive,0,697,0,,NA,NA,NA,NA,NA,,697,0
219,2007,BC,20070304,3/4/2007,GN 52316,WAB,female,170,43.5,26.7,175,177,20070304,39145,20070319,3/19/2007,alive,15,347,0,,NA,NA,NA,NA,NA,,347,0
220,2007,BC,20070304,3/4/2007,GN 52317,YAR,female,163,40.4,24.3,172,171,20070304,39145,20070319,3/19/2007,alive,15,347,0,,NA,NA,NA,NA,NA,,347,0
221,2007,BC,20070308,3/8/2007,GN 52318,RAO,female,190,42.9,24.6,176,177,20070308,39149,20070319,3/19/2007,alive,11,347,0,,NA,NA,NA,NA,NA,,347,0
222,2007,BC,20070308,3/8/2007,GN 52319,YAB,female,160,39.8,25.8,178,180,20070308,39149,20070319,3/19/2007,alive,11,347,0,,NA,NA,NA,NA,NA,,347,0
223,2007,BC,20070309,3/9/2007,GN 52320,RAW,female,168,40.4,24.4,182,180,20070309,39150,20070319,3/19/2007,alive,10,712,0,,NA,NA,NA,NA,NA,,712,0
224,2007,BC,20070309,3/9/2007,GN 52321,YAG,female,186,45,25.4,179,185,20070309,39150,20070320,3/20/2007,alive,11,348,0,,NA,NA,NA,NA,NA,,348,0
225,2007,BC,20070311,3/11/2007,GN 52322,BAW (Bavaria),female,167,41.6,26.2,186,171,20070311,39152,20070320,3/20/2007,alive,9,348,0,,NA,NA,NA,NA,NA,,348,0
226,2007,BC,20070313,3/13/2007,GN 52323,GAO,female,180,42,26.4,172,176,20070313,39154,20070320,3/20/2007,alive,7,713,0,,NA,NA,NA,NA,NA,,713,0
227,2007,BC,20070315,3/15/2007,GN 52324,LBAY,female,166,42.3,24.4,178,184,20070315,39156,20080310,3/10/2008,alive,361,704,0,,NA,NA,NA,NA,NA,,704,0
228,2007,BC,20070315,3/15/2007,GN 52325,WAO,female,188,42.4,27.6,183,182,20070315,39156,20070320,3/20/2007,alive,5,348,0,,NA,NA,NA,NA,NA,,348,0
229,2008,WBC,20080225,2/25/2008,GN 52342,W-WAB,male,142,43.2,25.7,165,217,20080225,39503,20080307,3/7/2008,alive,11,343,0,,8/22/2008,511,1,dead,1.4,,511,1
230,2008,BC,20080211,2/11/2008,GN 52326,PAW,female,176,42.6,26.5,176,183,20080211,39489,20080313,3/13/2008,alive,31,342,0,,NA,NA,NA,NA,NA,,342,0
231,2008,BC,20080211,2/11/2008,GN 52327,RAY,female,183,44,26.5,178,173,20080211,39489,20080324,3/24/2008,alive,42,353,0,,NA,NA,NA,NA,NA,,353,0
232,2008,BC,20080212,2/12/2008,GN 52328,OAB,female,166,42,24.4,184,194,20080212,39490,20080212,2/12/2008,alive,0,312,0,,NA,NA,NA,NA,NA,,312,0
233,2008,BC,20080212,2/12/2008,GN 52329,WAY,female,183,41,27,179,178,20080212,39490,20080308,3/8/2008,alive,25,337,0,,NA,NA,NA,NA,NA,,337,0
234,2008,BC,20080212,2/12/2008,GN 52330,RALB,male,101,38.2,25.7,160,158,20080212,39490,20080308,3/8/2008,alive,25,337,0,,NA,NA,NA,NA,NA,,337,0
235,2008,BC,20080212,2/12/2008,GN 52331,BAP,female,162,41,28,169,156,20080212,39490,20080308,3/8/2008,alive,25,337,0,,NA,NA,NA,NA,NA,,337,0
236,2008,BC,20080213,2/13/2008,GN 52332,GAO,female,173,42.3,25.6,169,158,20080213,39491,20080308,3/8/2008,alive,24,337,0,,NA,NA,NA,NA,NA,,337,0
237,2008,BC,20080213,2/13/2008,GN 52333,BAW,female,167,43.8,25.5,179,169,20080213,39491,20080220,2/20/2008,dead,7,320,1,,NA,NA,NA,NA,NA,,320,1
238,2008,BC,20080214,2/14/2008,GN 52334,LBAG,male,92,37.2,21.2,151,168,20080214,39492,20080225,2/25/2008,alive,11,325,0,,NA,NA,NA,NA,NA,,325,0
239,2008,BC,20080215,2/15/2008,GN 52335,PAY,male,109.5,32.1,23.4,152,158,20080215,39493,20080308,3/8/2008,alive,22,337,0,,NA,NA,NA,NA,NA,,337,0
240,2008,BC,20080215,2/15/2008,GN 52336,RAO,male,102,39,25,153,157,20080215,39493,20080226,2/26/2008,alive,11,326,0,,NA,NA,NA,NA,NA,,326,0
241,2008,BC,20080215,2/15/2008,GN 52337,GAR,female,177,42.6,26.3,188,191,20080215,39493,20080313,3/13/2008,alive,27,342,0,,NA,NA,NA,NA,NA,,342,0
242,2008,BC,20080216,2/16/2008,GN 52338,WAW,male,100,41.8,25,153,165,20080216,39494,20080308,3/8/2008,alive,21,337,0,,NA,NA,NA,NA,NA,,337,0
243,2008,BC,20080219,2/19/2008,GN 52339,alu,male,NA,NA,NA,NA,NA,20080219,39497,20080310,3/10/2008,alive,20,339,0,,NA,NA,NA,NA,NA,,339,0
244,2008,BC,20080219,2/19/2008,GN 52340,YAY,male,120,41.3,25.4,161,165,20080219,39497,20080313,3/13/2008,alive,23,342,0,,NA,NA,NA,NA,NA,,342,0
245,2008,BC,20080219,2/19/2008,GN 52341,PAP,female,162,42.5,27.2,174,161,20080219,39497,20080301,3/1/2008,alive,11,330,0,,NA,NA,NA,NA,NA,,330,0
246,2008,BC,20080229,2/29/2008,GN 52343,OAO,male,98,38.7,22.8,160,156,20080229,39507,20080324,3/24/2008,alive,24,353,0,,NA,NA,NA,NA,NA,,353,0
247,2008,BC,20080302,3/2/2008,GN 52344,BAG/Jumapili,male,100,41,23.8,161,166,20080302,39509,20080313,3/13/2008,alive,11,342,0,,NA,NA,NA,NA,NA,,342,0
248,2008,BC,20080306,3/6/2008,GN 52345,RAR,male,109,39.2,25.9,164,161,20080306,39513,20080313,3/13/2008,alive,7,342,0,,NA,NA,NA,NA,NA,,342,0
249,2008,WBC,20080312,3/12/2008,GN 55908,W-YAY,male,NA,42.4,30.2,153,210,20080312,39519,20080312,3/12/2008,alive,0,348,0,,8/22/2008,511,1,dead,1.4,,511,1
250,2010,BC,20100222,2/22/2010,GN 55913,BAO,female,201,44.2,26.4,186,182,20100222,40231,20100419,4/19/2010,alive,56,378,0,,NA,NA,NA,NA,NA,,378,0
251,2010,BC,20100224,2/24/2010,GN 55917,GAR,female,171,41.5,27,174,162,20100224,40233,20100425,4/25/2010,alive,60,384,0,,NA,NA,NA,NA,NA,,384,0
252,2010,BC,20100225,2/25/2010,GN 55918,BAW,female,186,41.9,25.5,181,181,20010306,40243,20100316,3/16/2010,alive,10,344,0,,NA,NA,NA,NA,NA,,344,0
253,2010,WBC,20100226,2/26/2010,GN 55922,W-WAW,female,177,42.9,29.6,172,221,20100226,40235,20100319,3/19/2010,alive,21,354,0,,9/21/2010,540,1,dead,1.479452055,,540,1
254,2010,BC,20100302,3/2/2010,GN 55928,WAW,female,178,44,26.2,181,182,20100303,40240,20100419,4/19/2010,alive,47,743,0,,NA,NA,NA,NA,NA,,743,0
255,2010,BC,20100304,3/4/2010,GN 55929,YAY,male,97,38.4,23.5,153,150,20100303,40240,20100422,4/22/2010,alive,50,746,0,,NA,NA,NA,NA,NA,,746,0
256,2010,BC,20100307,3/7/2010,GN 55932,RAP,male,90,39.2,24,154,165,20100223,40232,20110322,3/22/2011,alive,392,1080,0,,NA,NA,NA,NA,NA,,1080,0
257,2010,BC,20100309,3/9/2010,GN 55934,OAG,male,94,38.1,23.3,158,166,20100309,40246,20100412,4/12/2010,alive,34,371,0,,NA,NA,NA,NA,NA,,371,0
258,2010,BC,20100311,3/11/2010,Gn 55935,YAR,female,180,44.4,25.8,180,177,20100311,40248,20100321,3/21/2010,alive,10,349,0,,NA,NA,NA,NA,NA,,349,0
259,2010,BC,20100313,3/13/2010,GN 55941,LBAY,female,168,41.6,25,178,170,20100223,40232,20100407,4/7/2010,alive,43,366,0,,NA,NA,NA,NA,NA,,366,0
260,2010,BC,20100314,3/14/2010,GN 55944,LBAG,male,88,37.7,24,163,157,20100225,40234,20100408,4/8/2010,alive,42,367,0,,NA,NA,NA,NA,NA,,367,0
261,2010,BC,20100316,3/16/2010,GN 55950,GAW,male,93,36.6,23.5,161,168,20100305,40242,20100414,4/14/2010,dead,40,373,1,,NA,NA,NA,NA,NA,,373,1
262,2010,BC,20100321,3/21/2010,GN 56758,RALB,male,89,38.3,22.2,159,160,20100319,40256,20100425,4/25/2010,alive,37,384,0,,NA,NA,NA,NA,NA,,384,0
263,2010,BC,20100325,3/25/2010,GN 56761,GAY,female,198,41.5,25.7,181,173,20100321,40258,20100405,4/5/2010,alive,15,364,0,,NA,NA,NA,NA,NA,,364,0
264,2010,WBC,20100330,3/30/2010,GN 56768,W-PAB,female,157,41.2,28,177,230,20100314,40251,20110603,6/3/2011,alive,446,795,0,,9/11/2011,895,1,dead,2.452054795,,895,1
265,2010,WBC,20100222,2/22/2010,GN 55914,W-YAP,male,141,40.7,28.7,152,185,20100222,40231,20120607,6/7/2012,alive,836,1165,0,,10/6/2012,1286,1,dead,3.523287671,,1286,1
266,2010,WBC,20100406,4/6/2010,GN 56782,W-BAY,male,136,41.9,27.2,161,209,20100314,40251,20100425,4/25/2010,alive,42,391,0,,9/21/2010,540,1,dead,1.479452055,,540,1
267,2010,BC,20100413,4/13/2010,GN 56790,RAR,female,156,40.5,24.5,176,174,20100413,40281,20100425,4/25/2010,alive,12,749,0,,NA,NA,NA,NA,NA,,749,0
268,2010,BC,20100417,4/17/2010,GN 56793,WAW,male,103,40,24,166,165,20100417,40285,20100419,4/19/2010,alive,2,743,0,,NA,NA,NA,NA,NA,,743,0
269,2010,WBC,20100421,4/21/2010,GN 56796,W-RAW,female,162,43.5,30,168,242,20100421,40289,20100421,4/21/2010,alive,0,387,0,,9/21/2010,540,1,dead,1.479452055,,540,1
270,2010,WBC,20100222,2/22/2010,GN 55915,W-RAG,male,126,40.9,27.4,148,187,20100222,40231,20120617,6/17/2012,alive,846,1175,0,,10/6/2012,1286,1,dead,3.523287671,,1286,1
271,2010,WBC,20100223,2/23/2010,GN 55916,W-WAB (Bavaria),male,140,39.7,26.7,158,198,20100223,40232,20130217,2/17/2013,alive,1090,1420,0,,10/7/2013,1652,1,dead,4.526027397,,1652,1
272,2010,WBC,20100226,2/26/2010,GN 55921,W-OAB,male,143,41.7,28.7,162,201,20100226,40235,20100425,4/25/2010,alive,58,391,0,,9/21/2010,540,1,dead,1.479452055,,540,1
273,2010,WBC,20100301,3/1/2010,GN 55923,W-BAG,male,148,41.1,29.5,167,217,20100301,40238,20100328,3/28/2010,alive,27,363,0,,9/21/2010,540,1,dead,1.479452055,,540,1
274,2010,WBC,20100406,4/6/2010,GN 56781,W-WAR,female,158,41.3,28.8,159,204,20100406,40274,20110531,5/31/2011,alive,420,792,0,,9/11/2011,895,1,dead,2.452054795,,895,1
275,2011,BC,20110222,2/22/2011,GN 56797,GRAO,female,162,44.9,25.2,181,180,20110222,40596,20110302,3/2/2011,alive,8,330,0,,NA,NA,NA,NA,NA,,330,0
276,2011,BC,20110224,2/24/2011,GN 56799,BALB,female,168,42.3,24.8,185,171,20110224,40598,20110515,5/15/2011,alive,80,769,0,,NA,NA,NA,NA,NA,,769,0
277,2011,BC,20110301,3/1/2011,GN 56803,OAP,male,105,39.8,23.3,167,161,20110301,40603,20110305,3/5/2011,alive,4,698,0,,NA,NA,NA,NA,NA,,698,0
278,2011,BC,20110310,3/10/2011,GN 56809,YAG,male,102,38.9,25.3,158,159,20110310,40612,20110604,6/4/2011,alive,86,789,0,,NA,NA,NA,NA,NA,,789,0
279,2011,BC,20110310,3/10/2011,GN 56810,WALB,male,101,39.6,22.7,159,157,20110310,40612,20110331,3/31/2011,alive,21,359,0,,NA,NA,NA,NA,NA,,359,0
280,2011,WBC,20110311,3/11/2011,GN 56812,W-WAPU,female,163,41.8,29,168,202,20110223,40597,20110415,4/15/2011,dead,51,381,1,,4/15/2011,381,1,dead,1.043835616,,381,1
281,2011,BC,20110320,3/20/2011,GN 56814,RAY,female,170,43,26.6,181,180,20110316,40618,20110420,4/20/2011,alive,35,379,0,,NA,NA,NA,NA,NA,,379,0
282,2011,WBC,20110220,2/20/2011,GN 55919,W-PAW,male,135,40.8,26.1,162,212,2010204,40213,20110427,4/27/2011,alive,447,447,0,,9/11/2011,584,1,dead,1.6,,584,1
283,2011,WBC,20110321,3/21/2011,GN 56818,W-GAW,female,138,39.3,29.6,166,226,20110306,40608,20110606,6/6/2011,alive,92,433,0,,9/11/2011,530,1,dead,1.452054795,,530,1
284,2011,BC,20110325,3/25/2011,GN 56822,LBAY,female,175,42.5,26.4,181,183,20110325,40627,20110402,4/2/2011,alive,8,361,0,,NA,NA,NA,NA,NA,,361,0
285,2011,BC,20110326,3/26/2011,GN 56823,PUAY,male,111,39.2,23.4,168,165,20110326,40628,20110408,4/8/2011,alive,13,367,0,,NA,NA,NA,NA,NA,,367,0
286,2011,BC,20110326,3/26/2011,GN 56824,GAO,female,183,43.6,26.6,183,181,20110326,40628,20111126,11/26/2011,alive,245,599,0,,NA,NA,NA,NA,NA,,599,0
287,2011,WBC,20110328,3/28/2011,GN 56828,W-BAB,female,152,38.4,27.1,167,205,20110328,40630,20110606,6/6/2011,alive,70,798,0,,9/11/2011,895,1,dead,2.452054795,,895,1
288,2011,BC,20110401,4/1/2011,GN 56831,BAR,male,100,39.6,24.6,156,148,20110401,40634,20110401,4/1/2011,alive,0,360,0,,NA,NA,NA,NA,NA,,360,0
289,2011,BC,20110404,4/4/2011,GN 56838,GAO,male,89,37.5,22.4,152,157,20110404,40637,20110423,4/23/2011,alive,19,382,0,,NA,NA,NA,NA,NA,,382,0
290,2011,WBC,20110415,4/15/2011,GN 56855,W-BAW,female,152,42.9,29.9,158,210,20110415,40648,20110603,6/3/2011,alive,49,430,0,,9/11/2011,530,1,dead,1.452054795,,530,1
291,2011,BC,20110419,4/19/2011,GN 56858,PUAW,female,148,42.2,26.2,160.5,170,20110419,40652,20110606,6/6/2011,alive,48,426,0,,NA,NA,NA,NA,NA,,426,0
292,2011,BC,20110423,4/23/2011,GN 56859,WAY,male,97,38.3,23.2,158,161,20110421,40654,20110513,5/13/2011,alive,22,402,0,,NA,NA,NA,NA,NA,,402,0
293,2011,BC,20110423,4/23/2011,GN 56860,GAR,female,184,44.4,24.1,182,187,20110421,40654,20110426,4/26/2011,alive,5,385,0,,NA,NA,NA,NA,NA,,385,0
294,2011,BC,20110424,4/24/2011,GN 56863,WAG,male,146,39.5,23.9,180.5,178,20110424,40657,20110425,4/25/2011,alive,1,384,0,,NA,NA,NA,NA,NA,,384,0
295,2011,BC,20110425,4/25/2011,GN 56864,YALB,male,108,39.2,22.5,164,174,20110425,40658,20110529,5/29/2011,alive,34,418,0,,NA,NA,NA,NA,NA,,418,0
296,2011,BC,20110426,4/26/2011,GN 56865,BAW,female,169,42.3,25.8,174,162,20110426,40659,20110606,6/6/2011,alive,41,426,0,,NA,NA,NA,NA,NA,,426,0
297,2011,BC,20110428,4/28/2011,GN 56868,LBAR,female,168,43,24.9,166,165,20110428,40661,20110513,5/13/2011,alive,15,402,0,,NA,NA,NA,NA,NA,,402,0
298,2011,WBC,20110222,2/22/2011,GN 56798,W-YALB,male,142,41.2,28.1,155,185,20110222,40596,20130223,2/23/2013,alive,732,1061,0,,10/7/2013,1287,1,dead,3.526027397,,1287,1
299,2011,WBC,20110227,2/27/2011,GN 56802,W-PUAR,male,120,41.4,26.4,150,181,20110226,40600,20110528,5/28/2011,dead,91,424,1,,5/28/2011,424,1,dead,1.161643836,,424,1
300,2011,WBC,20110321,3/21/2011,GN 56817,W-YAO,male,146,41.8,29.2,152,185,20110306,40608,20110505,5/5/2011,alive,60,401,0,,9/11/2011,530,1,dead,1.452054795,,530,1
301,2011,WBC,20110403,4/3/2011,GN 56834,W-YAY,male,125,43,27.9,156,200,20110312,40614,20130604,6/4/2013,dead,815,1527,1,,6/4/2013,1527,1,dead,4.183561644,,1527,1
302,2011,WBC,20110403,4/3/2011,GN 56841,W-WAO,male,132,40.5,31.1,155,215,20110315,40617,20110531,5/31/2011,alive,77,427,0,,9/11/2011,530,1,dead,1.452054795,,530,1
303,2012,WBC,20120227,2/27/2012,GN 27156,W-GAG,male,NA,40.2,27,152,197,20120227,40966,20130311,3/11/2013,alive,378,712,0,,10/7/2013,922,1,dead,2.526027397,,922,1
304,2012,WBC,20120304,3/4/2012,GN 27167,W-PUAO,male,136,41.6,28.3,161,200,20120226,40965,20120309,3/9/2012,dead,12,345,1,,3/9/2012,345,1,dead,0.945205479,,345,1
305,2012,WBC,20120503,5/3/2012,GN 27283,W-GAO,male,146,41.6,28.9,154,211,20120302,40970,20120829,8/29/2012,alive,180,518,0,,10/6/2012,556,1,dead,1.523287671,,556,1
306,2012,WBC,20120507,5/7/2012,GN 27290,W-WAY,male,118,41.1,27.7,155,199,20120118,40926,20130301,3/1/2013,alive,408,702,0,,10/7/2013,922,1,dead,2.526027397,,922,1
307,2012,WBC,20120302,3/2/2012,GN 27162,W-GAR,female,163,40.7,28.3,168,217,20120302,40970,20121024,10/24/2012,alive,236,574,0,,11/30/2012,611,1,dead,1.673972603,,611,1
308,2012,BC,20120304,3/4/2012,GN 27166,PUAG,female,174,44,26.2,175,171,20120302,40970,20120406,4/6/2012,dead,35,731,1,,NA,NA,NA,NA,NA,,731,1
309,2012,BC,20120306,3/6/2012,GN 27170,PAR,female,154,41.3,24.8,174,175,20120228,40967,20120501,5/1/2012,alive,63,756,0,,NA,NA,NA,NA,NA,,756,0
310,2012,WBC,20120307,3/7/2012,GN 27171,W-PAO,female,146,43,27.3,166,197,20120116,40924,20120618,6/18/2012,alive,154,446,0,,10/6/2012,556,1,dead,1.523287671,,556,1
311,2012,BC,20120310,3/10/2012,GN 27175,BAR,male,102,37.7,24.6,164,180,20120310,40978,20120325,3/25/2012,alive,15,719,0,,NA,NA,NA,NA,NA,,719,0
312,2012,BC,20120311,3/11/2012,GN 27176,GAB,male,104,40.1,24.3,152,141,20120309,40977,20120522,5/22/2012,alive,74,412,0,,NA,NA,NA,NA,NA,,412,0
313,2012,BC,20120311,3/11/2012,GN 27177,WAO,female,180,42.8,26.8,184,187,20120309,40977,20120313,3/13/2012,dead,4,707,1,,NA,NA,NA,NA,NA,,707,1
314,2012,BC,20120315,3/15/2012,GN 27184,RAG,female,172,41.2,26.1,182,175,20120315,40983,20120409,4/9/2012,alive,25,734,0,,NA,NA,NA,NA,NA,,734,0
315,2012,BC,20120318,3/18/2012,GN 27187,OAO,female,175,43.1,24.3,181,178,20120318,40986,20120505,5/5/2012,alive,48,395,0,,NA,NA,NA,NA,NA,,395,0
316,2012,BC,20120318,3/18/2012,GN 27188,GAG,female,174,39.4,24.6,174,172,20120318,40986,20120407,4/7/2012,dead,20,732,1,,NA,NA,NA,NA,NA,,732,1
317,2012,BC,20120318,3/18/2012,GN 27189,YAW,male,112,41.4,24.9,158,156,20120318,40986,20120413,4/13/2012,alive,26,738,0,,NA,NA,NA,NA,NA,,738,0
318,2012,BC,20120320,3/20/2012,GN 27190,RAW,female,181,43.5,25,179,177,20120320,40988,20120403,4/3/2012,alive,14,728,0,,NA,NA,NA,NA,NA,,728,0
319,2012,BC,20120320,3/20/2012,GN 27191,BAY,female,195,43.4,26.3,182,184,20120320,40988,20120509,5/9/2012,alive,50,399,0,,NA,NA,NA,NA,NA,,399,0
320,2012,WBC,20120325,3/25/2012,GN 27194,W-OAG,female,161,41.6,29.9,164,212,20120217,40956,20150606,6/6/2015,alive,1205,1529,0,,9/24/2015,1639,1,dead,4.490410959,,1639,1
321,2012,BC,20120330,3/30/2012,GN 27200,YAB,female,175,39.8,26.5,174,170,20120330,40998,20120505,5/5/2012,alive,36,395,0,,NA,NA,NA,NA,NA,,395,0
322,2012,BC,20120411,4/11/2012,GN 27259,OAW,male,88,41.5,25.4,161,125,20120318,40986,20120528,5/28/2012,alive,71,418,0,,NA,NA,NA,NA,NA,,418,0
323,2012,BC,20120418,4/18/2012,GN 27272,OAR,male,98,38,23.6,169,165,20120413,41012,20120509,5/9/2012,dead,26,399,1,,NA,NA,NA,NA,NA,,399,1
324,2012,BC,20120419,4/19/2012,GN 27273,WAB,female,166,41.9,26.4,171,172,20120413,41012,20120420,4/20/2012,alive,7,380,0,,NA,NA,NA,NA,NA,,380,0
325,2012,BC,20120425,4/25/2012,GN 27276,YAO,male,94,40,24.1,150,153,20120407,41006,20120509,5/9/2012,alive,32,399,0,,NA,NA,NA,NA,NA,,399,0
326,2012,BC,20120425,4/25/2012,GN 27277,RAB,female,167,42,26,170,172,20120424,41023,20120511,5/11/2012,alive,17,766,0,,NA,NA,NA,NA,NA,,766,0
327,2012,BC,20120505,5/5/2012,GN 27284,GALB,male,NA,40.4,30.3,153,159,20120501,41030,20120505,5/5/2012,alive,4,395,0,,NA,NA,NA,NA,NA,,395,0
328,2012,BC,20120513,5/13/2012,GN 27292,OAY,female,171,41.8,30.2,182,189,20120513,41042,20120607,6/7/2012,alive,25,428,0,,NA,NA,NA,NA,NA,,428,0
329,2012,WBC,20120325,3/25/2012,GN 56853,W-BAR,male,143,42.3,27.3,159.5,204,20110405,40638,20140421,4/21/2014,alive,1112,1112,0,,10/16/2014,1290,1,dead,3.534246575,,1290,1
330,2013,WBC,20130325,3/25/2013,GN 27255,W-RAR,female,156,40.9,30.7,164,209,20120323,40991,20130608,6/8/2013,alive,442,442,0,,10/7/2013,563,1,dead,1.542465753,,563,1
331,2013,WBC,20130321,3/21/2013,GN 56857,W-PAR,female,181,42.2,30.1,161,207,20110411,40554,20150423,4/23/2015,alive,1563,1563,0,,9/24/2015,1717,1,dead,4.704109589,,1717,1
332,2012,WBC,20120311,3/11/2012,GN 56875,W-BAP,female,163,44.9,30.9,176,228,20110430,40663,20120618,6/18/2012,alive,415,415,0,,10/6/2012,525,1,dead,1.438356164,,525,1
333,2013,WBC,20130313,3/13/2013,GN 56885,W-GAO,male,120,40,27.7,147,197,20110504,40667,20130511,5/11/2013,dead,738,738,1,,5/11/2013,738,1,dead,2.021917808,,738,1
334,2013,WBC,20130215,2/15/2013,GN 56906,W-GAY,male,127,41.4,27.4,161.5,210,20130215,41320,20130404,4/4/2013,alive,48,370,0,,10/7/2013,556,1,dead,1.523287671,,556,1
335,2013,BC,20130215,2/15/2013,GN 56907,PAB,female,173,42.7,26.5,184,176,20130215,41320,20130222,2/22/2013,alive,7,687,0,,NA,NA,NA,NA,NA,,687,0
336,2013,BC,20130216,2/16/2013,GN 56908,PUAW,male,101,40.7,23.7,159.5,160,20130216,41321,20130222,2/22/2013,alive,6,687,0,,NA,NA,NA,NA,NA,,687,0
337,2013,BC,20130216,2/16/2013,GN 56909,YAP,male,91,37.5,24.6,154,lost,20130216,41321,20130223,2/23/2013,alive,7,323,0,,NA,NA,NA,NA,NA,,323,0
338,2013,BC,20130216,2/16/2013,GN 56910,OALB,female,152,42.7,27.8,172,159,20130216,41321,20130222,2/22/2013,alive,6,322,0,,NA,NA,NA,NA,NA,,322,0
339,2013,BC,20130217,2/17/2013,GN 56911,BAB,female,148,40.2,28,177,170,20130217,41322,20130326,3/26/2013,alive,37,354,0,,NA,NA,NA,NA,NA,,354,0
340,2013,BC,20130217,2/17/2013,GN 56912,LBAO,male,92,39,23.7,161,155,20130217,41322,20130222,2/22/2013,alive,5,322,0,,NA,NA,NA,NA,NA,,322,0
341,2013,BC,20130217,2/17/2013,GN 56913,YAPU,female,172,45.3,26,189,195,20130217,41322,20130222,2/22/2013,alive,5,322,0,,NA,NA,NA,NA,NA,,322,0
342,2013,WBC,20130218,2/18/2013,GN 56914,W-YAG,female,150,39.4,30.5,166,206,20130218,41323,20130422,4/22/2013,dead,63,388,1,,4/22/2013,388,1,dead,1.063013699,,388,1
343,2013,BC,20130219,2/19/2013,GN 56916,PAG,male,91,38.3,22.1,167,168,20130219,41324,20130415,4/15/2013,dead,55,374,1,,NA,NA,NA,NA,NA,,374,1
344,2013,BC,20130219,2/19/2013,GN 56917,WALB,female,176,42.2,26.7,184,180,20130219,41324,20130517,5/17/2013,alive,87,771,0,,NA,NA,NA,NA,NA,,771,0
345,2013,WBC,20130219,2/19/2013,GN 56915,W-RALB,male,131,40.8,28,163.5,210,20130219,41324,20170226,2/26/2017,alive,1468,1794,0,,11/8/2017,2049,1,dead,5.61369863,,2049,1
346,2013,WBC,20130227,2/27/2013,GN 56919,W-BALB,female,158,43.6,29.4,159,216,20130130,41304,20130513,5/13/2013,alive,103,409,0,,10/7/2013,556,1,dead,1.523287671,,556,1
347,2013,BC,20130312,3/12/2013,GN 56922,WAP,female,164,42.8,27,170,184,20130311,41344,20130529,5/29/2013,alive,79,418,0,,NA,NA,NA,NA,NA,,418,0
348,2013,WBC,20130221,2/21/2013,GN 56918,W-RAB,male,133,40.8,27.4,158.5,205,20130221,41326,20130411,4/11/2013,alive,49,377,0,,10/7/2013,556,1,dead,1.523287671,,556,1
349,2013,BC,20130330,3/30/2013,GN 56933,LBAO,female,174,46.6,25.4,179,182,20130331,41364,20130619,6/19/2013,alive,80,804,0,,NA,NA,NA,NA,NA,,804,0
350,2013,BC,20130401,4/1/2013,GN 56935,RAPU,male,96,38.8,23.9,150,150,20130401,41365,20130417,4/17/2013,alive,16,376,0,,NA,NA,NA,NA,NA,,376,0
351,2013,BC,20130407,4/7/2013,GN 56939,LBALB,male,103,39.2,25.9,159,157,20130407,41371,20130418,4/18/2013,alive,11,377,0,,NA,NA,NA,NA,NA,,377,0
352,2013,WBC,20130409,4/9/2013,GN 56941,W-OAY,female,138,42,30.7,165,220,20130409,41373,20130522,5/22/2013,alive,43,418,0,,10/7/2013,556,1,dead,1.523287671,,556,1
353,2013,WBC,20130328,3/28/2013,GN 56932,W-LBAG,male,146,40.6,27.1,163,202,20130328,41361,20150513,5/13/2015,alive,776,1139,0,,9/24/2015,1273,1,dead,3.487671233,,1273,1
354,2013,WBC,20130422,4/22/2013,GN 56949,W-YAW,female,148,41.4,29.9,157,209,20130422,41386,20130522,5/22/2013,alive,30,418,0,,10/7/2013,556,1,dead,1.523287671,,556,1
355,2013,WBC,20130430,4/30/2013,GN 56954,W-WAP,female,152,43.3,30.9,169,219,20130222,41327,20130506,5/6/2013,alive,73,767,0,,10/7/2013,921,1,dead,2.523287671,,921,1
356,2013,BC,20130525,5/25/2013,GN 56967,PAO,male,99,38.3,23.3,152,165,20130425,41389,20130612,6/12/2013,alive,48,432,0,,NA,NA,NA,NA,NA,,432,0
357,2013,BC,20130330,3/30/2013,GN 56934,GAY,female,145,42.2,25,170.5,164,20130330,41363,20130619,6/19/2013,alive,81,439,0,,NA,NA,NA,NA,NA,,439,0
358,2013,WBC,20130422,4/22/2013,GN 56948,W-OAO,male,119,40,28.4,144,203,20130422,41386,20140508,5/8/2014,alive,381,769,0,,10/16/2014,930,1,dead,2.547945205,,930,1
359,2014,WBC,20140422,4/22/2014,GN 56931,W-YAB,female,146,42.3,30.6,160,216,20130314,41347,20150307,3/7/2015,dead,723,723,1,,3/7/2015,723,1,dead,1.980821918,,723,1
360,2014,WBC,20140227,2/27/2014,GN 56951,W-LBAY,male,125,41.5,27.1,156,195,20130417,41381,20140328,3/28/2014,dead,345,345,1,,3/28/2014,345,1,dead,0.945205479,,345,1
361,2014,BC,20140223,2/23/2014,GN 56969,BAP,male,111,40.5,24.2,162,164,20140223,41693,20140317,3/17/2014,alive,22,345,0,,NA,NA,NA,NA,NA,,345,0
362,2014,BC,20140223,2/23/2014,GN 56970,GAW,female,159,40.3,25.5,178,175,20140223,41693,20140522,5/22/2014,alive,88,411,0,,NA,NA,NA,NA,NA,,411,0
363,2014,BC,20140224,2/24/2014,GN 56971,GAP,male,97,39,22.7,156,163,20140224,41694,20140227,2/27/2014,alive,3,327,0,,NA,NA,NA,NA,NA,,327,0
364,2014,BC,20140225,2/25/2014,GN 56972,OAB,female,150,40.1,24.7,175,165,20140225,41695,20140503,5/3/2014,alive,67,392,0,,NA,NA,NA,NA,NA,,392,0
365,2014,BC,20140225,2/25/2014,GN 56973,PAY,female,170,41.7,24.2,173,161,20140225,41695,20140517,5/17/2014,alive,81,406,0,,NA,NA,NA,NA,NA,,406,0
366,2014,BC,20140225,2/25/2014,GN 56974,RALB,male,102,38.5,22.7,157,154,20140224,41694,20140309,3/9/2014,alive,13,337,0,,NA,NA,NA,NA,NA,,337,0
367,2014,BC,20140226,2/26/2014,GN 56975,WAW,female,178,42.2,25.2,184,192,20140226,41696,20140417,4/17/2014,alive,50,376,0,,NA,NA,NA,NA,NA,,376,0
368,2014,BC,20140226,2/26/2014,GN 56976,PUAP,male,99,36.1,22.9,158,162,20140226,41696,20140322,3/22/2014,dead,24,350,1,,NA,NA,NA,NA,NA,,350,1
369,2014,BC,20140226,2/26/2014,GN 56977,YAR,female,172,42.7,NA,190,194,20140226,41696,20140511,5/11/2014,alive,74,400,0,,NA,NA,NA,NA,NA,,400,0
370,2014,BC,20140226,2/26/2014,GN 56978,LBAG,male,93,37.7,23.4,161,152,20140226,41696,20140308,3/8/2014,alive,10,336,0,,NA,NA,NA,NA,NA,,336,0
371,2014,BC,20140228,2/28/2014,GN 56979,PUAR,female,165,40.8,24.7,176,168,20140228,41698,20140519,5/19/2014,alive,80,408,0,,NA,NA,NA,NA,NA,,408,0
372,2014,BC,20140228,2/28/2014,GN 56980,YAG,female,150,41.4,24.7,169,174,20140228,41698,20140411,4/11/2014,alive,42,735,0,,NA,NA,NA,NA,NA,,735,0
373,2014,BC,20140228,2/28/2014,GN 56981,PALB,male,109,40.3,22,154,146,20140228,41698,20140323,3/23/2014,alive,23,351,0,,NA,NA,NA,NA,NA,,351,0
374,2014,BC,20140303,3/3/2014,GN 56984,WAO,male,105,41.1,22.5,157,163,20140301,41699,20140601,6/1/2014,alive,92,786,0,,NA,NA,NA,NA,NA,,786,0
375,2014,BC,20140304,3/4/2014,GN 56985,LBAB,male,98,39.3,23.1,162,164,20140301,41699,20140615,6/15/2014,alive,106,435,0,,NA,NA,NA,NA,NA,,435,0
376,2014,BC,20140309,3/9/2014,GN 56998,OAPU,male,104,38,25.2,161,163,20140306,41704,20140503,5/3/2014,alive,58,392,0,,NA,NA,NA,NA,NA,,392,0
377,2014,BC,20140314,3/14/2014,GN 76615,RAP,male,93,41.7,25,156,162,20140309,41707,20140607,6/7/2014,alive,90,792,0,,NA,NA,NA,NA,NA,,792,0
378,2014,BC,20140317,3/17/2014,GN 76618,RAY,male,91,39.4,24.6,154,160,20140317,41715,20140605,6/5/2014,alive,80,790,0,,NA,NA,NA,NA,NA,,790,0
379,2014,BC,20140319,3/19/2014,GN 76621,LBAW,male,102,40.7,24,161,163,20140319,41717,20140324,3/24/2014,dead,5,352,1,,NA,NA,NA,NA,NA,,352,1
380,2014,WBC,20140320,3/20/2014,GN 76623,W-YAR,female,158,43.5,29.7,171,213,20140320,41718,20150307,3/7/2015,alive,352,707,0,,9/24/2015,908,1,dead,2.487671233,,908,1
381,2014,BC,20140324,3/24/2014,GN 76636,GAO,male,94,39.4,22.9,159,159,20140324,41722,20140325,3/25/2014,alive,1,353,0,,NA,NA,NA,NA,NA,,353,0
382,2014,BC,20140326,3/26/2014,GN 76638,WAR,male,91,39.1,23.8,152,152,20140326,41724,20140405,4/5/2014,dead,10,729,1,,NA,NA,NA,NA,NA,,729,1
383,2014,BC,20140403,4/3/2014,GN 76643,PAG,female,174,40.7,27,178,NA,20140330,41728,20140617,6/17/2014,alive,79,437,0,,NA,NA,NA,NA,NA,,437,0
384,2014,BC,20140407,4/7/2014,GN 76646,RAR,male,102,39.1,23.7,147,149,20140407,41736,20140507,5/7/2014,alive,30,396,0,,NA,NA,NA,NA,NA,,396,0
385,2014,BC,20140428,4/28/2014,GN 76663,PAP,male,98,36.6,24.3,154,167,20140428,41757,20140522,5/22/2014,alive,24,776,0,,NA,NA,NA,NA,NA,,776,0
386,2014,BC,20140514,5/14/2014,GN 76678,PUAO,male,90,40,25.9,148,155,20140514,41773,20140522,5/22/2014,alive,8,776,0,,NA,NA,NA,NA,NA,,776,0
387,2015,BC,20150203,2/3/2015,GN 76691,PAW,female,145,44.9,24.3,170,165,20150203,42038,20150425,4/25/2015,alive,81,384,0,,NA,NA,NA,NA,NA,,384,0
388,2015,BC,20150205,2/5/2015,GN 76695,PUAY,female,149,40.7,25.1,181,186,20150205,42040,20150307,3/7/2015,alive,30,335,0,,NA,NA,NA,NA,NA,,335,0
389,2015,BC,20150207,2/7/2015,GN 76696,BAO,female,154,43.1,25.2,184,182,20150207,42042,20150613,6/13/2015,alive,126,798,0,,NA,NA,NA,NA,NA,,798,0
390,2015,BC,20150207,2/7/2015,GN 76697,GAR,female,155,43.3,25.6,182,184,20150207,42042,20150528,5/28/2015,alive,110,782,0,,NA,NA,NA,NA,NA,,782,0
391,2015,BC,20150207,2/7/2015,GN 76698,PAB,male,91,38.3,23.5,156,165,20150207,42042,20150404,4/4/2015,dead,56,363,1,,NA,NA,NA,NA,NA,,363,1
392,2015,BC,20150207,2/7/2015,GN 76699,OAY,female,163,42.6,25,172,173,20150207,42042,20150615,6/15/2015,alive,128,435,0,,NA,NA,NA,NA,NA,,435,0
393,2015,BC,20150209,2/9/2015,GN 76700,WAR,female,148,43,25.7,180,185,20150209,42044,20150220,2/20/2015,alive,11,320,0,,NA,NA,NA,NA,NA,,320,0
394,2015,BC,20150209,2/9/2015,GN 76701,WAP,female,172,43.7,26.1,180,183,20150209,42044,20150609,6/9/2015,alive,120,429,0,,NA,NA,NA,NA,NA,,429,0
395,2015,BC,20150213,2/13/2015,GN 76702,YAY,female,NA,45.8,25.8,174,178,20150213,42048,20150504,5/4/2015,dead,80,393,1,,NA,NA,NA,NA,NA,,393,1
396,2015,BC,20150215,2/15/2015,GN 76703,WAW,female,146,43.7,25,190,187,20150215,42050,20150526,5/26/2015,alive,100,415,0,,NA,NA,NA,NA,NA,,415,0
397,2015,BC,20150215,2/15/2015,GN 76704,PAY,male,90,39.5,22.9,161,161,20150215,42050,20150304,3/4/2015,alive,17,697,0,,NA,NA,NA,NA,NA,,697,0
398,2015,BC,20150220,2/20/2015,GN 76705,YALB,female,177,43.4,26.1,171,183,20150220,42055,20150615,6/15/2015,alive,115,800,0,,NA,NA,NA,NA,NA,,800,0
399,2015,WBC,20150223,2/23/2015,GN 76706,W-RAPP,female,185,42.7,29.4,158,207,20150214,42049,20160626,6/26/2016,alive,498,819,0,,10/21/2016,936,1,dead,2.564383562,,936,1
400,2015,WBC,20150227,2/27/2015,GN 76707,W-WAB,male,141,39.6,29.2,167,211,20150227,42062,20150513,5/13/2015,alive,75,409,0,,9/24/2015,543,1,dead,1.487671233,,543,1
401,2015,WBC,20150303,3/3/2015,GN 76708,W-BAO,female,160,42.5,29,163,202,20150223,42058,20150616,6/16/2015,alive,113,443,0,,9/24/2015,543,1,dead,1.487671233,,543,1
402,2015,WBC,20150306,3/6/2015,GN 76709,W-LBAR,male,134,40,27.4,149,187,20150304,42067,20150520,5/20/2015,alive,77,416,0,,9/24/2015,543,1,dead,1.487671233,,543,1
403,2015,BC,20150311,3/11/2015,GN 76713,OAG,female,179,41,24.1,169,174,20150309,42072,20150325,3/25/2015,alive,16,718,0,,NA,NA,NA,NA,NA,,718,0
404,2015,BC,20150311,3/11/2015,GN 76714,RAB,female,175,46,24.5,176,178,20150311,42074,20150323,3/23/2015,alive,12,716,0,,NA,NA,NA,NA,NA,,716,0
405,2015,WBC,20150315,3/15/2015,GN 76718,W-WAW,male,138,40.9,27.8,146,191,20150225,42060,20180331,3/31/2018,alive,1130,1462,0,,11/1/2018,1677,1,dead,4.594520548,,1677,1
406,2015,WBC,20150318,3/18/2015,GN 76721,W-WAG,male,140,43,27.5,157,205,20150318,42081,20150601,6/1/2015,alive,75,428,0,,9/24/2015,543,1,dead,1.487671233,,543,1
407,2015,BC,20150318,3/18/2015,GN 76722,GAB,female,185,45,25.2,182,172,20150312,42075,20150524,5/24/2015,alive,73,413,0,,NA,NA,NA,NA,NA,,413,0
408,2015,BC,20150318,3/18/2015,GN 76723,OAO,male,94,39.7,22.5,146,159,20150312,42075,20150524,5/24/2015,dead,73,413,1,,NA,NA,NA,NA,NA,,413,1
409,2015,BC,20150320,3/20/2015,GN 76729,OAW,male,97,38.6,23.7,152,142,20150220,42055,20150522,5/22/2015,alive,91,776,0,,NA,NA,NA,NA,NA,,776,0
410,2015,BC,20150326,3/26/2015,GN 76744,PAP,male,101,38.4,21.8,150,155,20150308,42071,20150605,6/5/2015,alive,89,425,0,,NA,NA,NA,NA,NA,,425,0
411,2015,WBC,20150326,3/26/2015,GN 76745,W-YAP,male,137,41.2,29.4,158,209,20150322,42085,20160220,2/20/2016,alive,335,692,0,,10/21/2016,936,1,dead,2.564383562,,936,1
412,2015,WBC,20150327,3/27/2015,GN 76746,W-OALB,female,147,42.7,28.7,158,211,20150225,42060,20170226,2/26/2017,alive,732,1429,0,,11/8/2017,1684,1,dead,4.61369863,,1684,1
413,2015,WBC,20150330,3/30/2015,GN 76753,W-BAB,male,137,42.4,26.6,157,206,20150326,42089,20160317,3/17/2016,alive,357,718,0,,10/21/2016,936,1,dead,2.564383562,,936,1
414,2015,BC,20150401,4/1/2015,GN 76761,LBAO,male,71,36.6,21.3,147,156,20150228,42063,20170507,5/7/2017,alive,799,1127,0,,NA,NA,NA,NA,NA,,1127,0
415,2015,BC,20150401,4/1/2015,GN 76762,RAW,male,94,36.7,22.1,153,161,20150310,42073,20160317,3/17/2016,alive,373,1076,0,,NA,NA,NA,NA,NA,,1076,0
416,2015,BC,20150404,4/4/2015,GN 76766,YAB,male,100,40.3,22.1,162,174,20150318,42081,20150613,6/13/2015,alive,87,798,0,,NA,NA,NA,NA,NA,,798,0
417,2015,BC,20150406,4/6/2015,GN 76767,BAR,male,97,38.6,22.9,155,166,20150322,42085,20150615,6/15/2015,alive,85,435,0,,NA,NA,NA,NA,NA,,435,0
418,2015,BC,20150410,4/10/2015,GN 76774,LBALB,male,98,35.5,23,149,160,20150324,42087,20150516,5/16/2015,alive,53,770,0,,NA,NA,NA,NA,NA,,770,0
419,2015,BC,20150422,4/22/2015,GN 76784,WAG,male,98,38.6,24.7,153,160,20150410,42104,20150524,5/24/2015,alive,44,778,0,,NA,NA,NA,NA,NA,,778,0
420,2015,WBC,20150429,4/29/2015,GN 76796,W-PAP,male,135,40,27.6,152,187,20150329,42092,20150624,6/24/2015,alive,87,451,0,,9/24/2015,543,1,dead,1.487671233,,543,1
421,2015,BC,20150430,4/30/2015,GN 76798,PUAO,male,89,38.4,24,156,158,20150226,42061,20150518,5/18/2015,alive,81,772,0,,NA,NA,NA,NA,NA,,772,0
422,2015,BC,20150430,4/30/2015,GN 76799,GAY,male,103,38.7,22,156,144,20150430,42124,20150613,6/13/2015,alive,44,433,0,,NA,NA,NA,NA,NA,,433,0
423,2015,WBC,20150501,5/1/2015,GN 76800,W-WAP,male,145,41.7,27.6,153,199,20150501,42125,20150530,5/30/2015,dead,29,426,1,,5/30/2015,426,1,dead,1.167123288,,426,1
424,2015,WBC,20150503,5/3/2015,GN 76801,W-RAY,male,140,41.5,23.8,155,202,20150503,42127,20160509,5/9/2016,alive,372,771,0,,10/21/2016,936,1,dead,2.564383562,,936,1
425,2015,BC,20150504,5/4/2015,GN 76802,PAR,female,162,42.2,25.8,160,175,20150424,42118,20150621,6/21/2015,alive,58,441,0,,NA,NA,NA,NA,NA,,441,0
426,2015,WBC,20150506,5/6/2015,GN 76803,W-RAO,female,159,42.1,28.5,156,205,20150322,42085,20160303,3/3/2016,alive,347,704,0,,10/21/2016,936,1,dead,2.564383562,,936,1
427,2016,WBC,20160219,2/19/2016,GN 76817,W-BAY,female,162,43.2,29.6,157,215,20160210,42410,20160525,5/25/2016,alive,105,422,0,,10/21/2016,571,1,dead,1.564383562,,571,1
428,2016,WBC,20160221,2/21/2016,GN 76658,W-PAY,female,174,41.6,28.4,165,210,20140407,41736,20170223,2/23/2017,alive,1053,1053,0,,11/8/2017,1311,1,dead,3.591780822,,1311,1
429,2016,WBC,20160222,2/22/2016,GN 76818,W-OAW,male,141,41,29,164,209,20160210,42410,20170412,4/12/2017,alive,427,744,0,,11/8/2017,954,1,dead,2.61369863,,954,1
430,2016,WBC,20160227,2/27/2016,GN 76822,W-GAB,male,140,42.5,27.4,162,201,20160212,42412,20160307,3/7/2016,dead,24,343,1,,3/7/2016,343,1,dead,0.939726027,,343,1
431,2016,WBC,20160227,2/27/2016,GN 76823,W-OAP,male,163,41.5,28.3,161,205,20160217,42417,20190311,4/7/2019,alive,1145,1469,0,,4/7/2019,1469,0,alive,4.024657534,,1469,0
432,2016,WBC,20160229,2/29/2016,GN 76826,W-GALB,male,130,38.9,28.7,158,208,20160228,42428,20170411,4/11/2017,alive,408,1473,0,,11/8/2017,1684,1,dead,4.61369863,,1684,1
433,2016,CTC,20160301,3/1/2016,GN 76828,C-PAP,male,302,58.5,38.8,217,220,20160301,42430,20160404,4/15/2016,alive,45,345,0,,4/15/2016,345,0,alive,0.945205479,,345,0
434,2016,BC,20160301,3/1/2016,GN 76829,BAG,female,164,42.7,27,173,176,20160301,42430,20160614,6/14/2016,alive,105,800,0,,NA,NA,NA,NA,NA,,800,0
435,2016,WBC,20160302,3/2/2016,GN 76830,W-WAP,female,170,42.2,29.3,168,214,20160228,42428,20170411,4/11/2017,alive,408,743,0,,11/8/2017,954,1,dead,2.61369863,,954,1
436,2016,CTC,20160302,3/2/2016,HF 49001,C-YAY,male,292,57.1,37,215,244,20160302,42431,20170304,3/4/2017,alive,367,668,0,,3/4/2017,668,0,alive,1.830136986,,668,0
437,2016,WBC,20160304,3/4/2016,GN 76836,W-WAR,male,134,40,27.6,155,204,20160304,42433,20170504,5/4/2017,alive,426,766,0,,11/8/2017,954,1,dead,2.61369863,,954,1
438,2016,WBC,20160307,3/7/2016,GN 76841,W-RAG,male,140,42.5,29,167,212,20160224,42424,20160613,6/13/2016,alive,110,441,0,,10/21/2016,571,1,dead,1.564383562,,571,1
439,2016,WBC,20160307,3/7/2016,GN 76842,W-WALB,female,158,41.3,29,165,209,20160307,42436,20170410,4/10/2017,alive,399,742,0,,11/8/2017,954,1,dead,2.61369863,,954,1
440,2016,WBC,20160310,3/10/2016,GN 76844,W-LBAW,male,122,39.6,29.7,153,192,20160308,42437,20160529,5/29/2016,dead,82,426,1,,5/29/2016,426,1,dead,1.167123288,,426,1
441,2016,WBC,20160312,3/12/2016,GN 76845,W-LBAO,male,134,40.1,27.7,155,215,20160312,42441,20170623,6/23/2017,dead,470,818,1,,6/23/2017,818,1,dead,2.24109589,,818,1
442,2016,BC,20160315,3/15/2016,GN 76846,YAO,female,182,39.8,25,172,180,20160315,42444,20160610,6/10/2016,alive,87,431,0,,NA,NA,NA,NA,NA,,431,0
443,2016,WBC,20160319,3/19/2016,GN 76847,W-LBALB,male,119,39,24.5,151,197,20160218,42418,20160507,5/7/2016,alive,79,404,0,,10/21/2016,571,1,dead,1.564383562,,571,1
444,2016,WBC,20160321,3/21/2016,GN 76848,W-RAW,female,148,42.6,28.7,162,212,20160306,42435,20160607,6/7/2016,alive,93,435,0,,10/21/2016,571,1,dead,1.564383562,,571,1
445,2016,WBC,20160321,3/21/2016,GN 76849,W-GAO,male,132,39.3,27,148,198,20160306,42435,20160321,3/21/2016,alive,15,357,0,,10/21/2016,571,1,dead,1.564383562,,571,1
446,2016,BC,20160325,3/25/2016,GN 76855,YAY,male,110,39.4,25,154,151,20160325,42454,20160610,6/10/2016,alive,77,431,0,,NA,NA,NA,NA,NA,,431,0
447,2016,WBC,20160328,3/28/2016,GN 76856,W-PALB,male,120,39,29.2,157,207,20160214,42414,20180601,6/1/2018,alive,838,1159,0,,11/1/2018,1312,1,dead,3.594520548,,1312,1
448,2016,WBC,20160328,3/28/2016,GN 76857,W-WAO,female,158,41.7,29.7,168,218,20160214,42414,20170228,2/28/2017,alive,380,701,0,,11/8/2017,954,1,dead,2.61369863,,954,1
449,2016,WBC,20160408,4/8/2016,GN 76875,W-YAG,female,151,41.9,32.2,162,224,20160210,42410,20170412,4/12/2017,alive,427,744,0,,11/8/2017,954,1,dead,2.61369863,,954,1
450,2016,BC,20160409,4/9/2016,GN 76878,LBAW,male,95,39.6,25,152,150,20160405,42465,20160626,6/26/2016,alive,82,447,0,,NA,NA,NA,NA,NA,,447,0
451,2016,WBC,20160410,4/10/2016,GN 76879,W-GAR,male,128,39.8,29,153,194,20160213,42413,20180219,2/19/2018,alive,737,1057,0,,11/1/2018,1312,1,dead,3.594520548,,1312,1
452,2016,CTC,20160411,4/11/2016,HF 49009,C-LBALB,female,362,59.4,38.9,223,241,20160411,42471,20160612,6/12/2016,alive,62,403,0,,6/12/2016,403,0,alive,1.104109589,,403,0
453,2016,BC,20160413,4/13/2016,GN 76889,OAP,male,112,40.5,26.1,154,166,20160325,42454,20160425,4/25/2016,alive,31,385,0,,NA,NA,NA,NA,NA,,385,0
454,2016,BC,20160423,4/23/2016,GN 76907,LBAR,male,100,37.8,23.3,147,152,20160401,42461,20160626,6/26/2016,alive,86,447,0,,NA,NA,NA,NA,NA,,447,0
455,2016,WBC,20160424,4/24/2016,GN 76908,W-WAY,female,157,43.1,32.6,170,208,20160217,42417,20180413,4/13/2018,alive,786,1110,0,,11/1/2018,1312,1,dead,3.594520548,,1312,1
456,2016,WBC,20160430,4/30/2016,GN 76914,W-GAP,male,129,40.8,27.6,156,205,20160430,42490,20160523,5/23/2016,alive,23,420,0,,10/21/2016,571,1,dead,1.564383562,,571,1
457,2016,BC,20160501,5/1/2016,GN 76916,PAPU,male,109,40.8,24.2,151,149,20160419,42479,20160504,5/4/2016,alive,15,759,0,,NA,NA,NA,NA,NA,,759,0
458,2016,WBC,20160507,5/7/2016,GN 76919,W-PUAP,male,140,41.8,29.3,153,207,20160422,42482,20160626,6/26/2016,alive,65,454,0,,10/21/2016,571,1,dead,1.564383562,,571,1
459,2016,BC,20160508,5/8/2016,GN 76920,RAO,male,104,38.4,23.2,156,156,20160506,42496,20160626,6/26/2016,alive,51,447,0,,NA,NA,NA,NA,NA,,447,0
460,2016,WBC,20160515,5/15/2016,GN 76928,W-YAW,male,142,42,32.1,148,129,20160326,42455,20180304,3/4/2018,alive,708,1070,0,,11/1/2018,1312,1,dead,3.594520548,,1312,1
461,2016,WBC,20160520,5/20/2016,GN 76934,W-BAG,male,140,41.2,29.8,154,189,20160518,42508,20170626,6/26/2017,alive,404,819,0,,11/8/2017,954,1,dead,2.61369863,,954,1
462,2016,BC,20160528,5/28/2016,GN 76935,OAO,male,95,40,23.8,155,165,20160528,42518,20160614,6/14/2016,alive,17,435,0,,NA,NA,NA,NA,NA,,435,0
463,2016,BC,20160528,5/28/2016,GN 76936,WAY,female,158,41.4,26.5,177,165,20160528,42518,20160612,6/12/2016,alive,15,798,0,,NA,NA,NA,NA,NA,,798,0
464,2016,WBC,20160529,5/29/2016,GN 76942,W-PAB,male,143,40.2,26.5,159,205,20160529,42519,20190209,2/9/2019,alive,986,1412,0,,2/9/2019,1412,0,alive,3.868493151,,1412,0
465,2017,WBC,20170222,2/22/2017,GN 76943,W-GAB,male,153,41.9,29.2,154,193,20170222,42788,20170321,3/21/2017,alive,27,356,0,,11/8/2017,588,1,dead,1.610958904,,588,1
466,2017,WBC,20170228,2/28/2017,GN 76955,W-PUAY,male,125,40.2,28.4,156,199,20170228,42794,20170407,4/7/2017,dead,38,373,1,,4/7/2017,373,1,dead,1.021917808,,373,1
467,2017,WBC,20170228,2/28/2017,GN 76956,W-BAW,female,160,39.7,29,164,210,20170228,42794,20180503,5/3/2018,alive,429,764,0,,11/1/2018,946,1,dead,2.591780822,,946,1
468,2017,WBC,20170302,3/2/2017,GN 76957,W-BAPU,male,141,41.8,28.5,151,192,20170305,42799,20170625,6/25/2017,alive,112,452,0,,11/8/2017,588,1,dead,1.610958904,,588,1
469,2017,WBC,20170302,3/2/2017,GN 76958,W-YAO,male,129,42.6,27.5,155,218,20170302,42796,20170302,3/2/2017,alive!,0,337,0,,11/8/2017,588,1,dead,1.610958904,,588,1
470,2017,WBC,20170302,3/2/2017,GN 56996,W-LBAP,female,170,49.9,33,165,215,20140225,41695,20170302,3/2/2017,alive!,1101,1101,0,,11/8/2017,1352,1,dead,3.704109589,,1352,1
471,2017,CTC,20170303,3/3/2017,HF 49014,C-GAR,male,312,60,37.2,214,238,20170303,42797,20170304,3/4/2017,alive,1,302,0,,3/4/2017,302,0,alive,0.82739726,,302,0
472,2017,WBC,20170306,3/6/2017,GN 76959,W-GAW,male,144,39.3,24.4,161,207,20170306,42800,20170703,7/3/2017,dead,119,460,1,,7/3/2017,460,1,dead,1.260273973,,460,1
473,2017,WBC,20170307,3/7/2017,GN 27261,W-YAY2,male,131,41,28,158,211,20120324,40992,20170328,3/28/2017,alive,1830,1830,0,,11/8/2017,2055,1,dead,5.630136986,,2055,1
474,2017,WBC,20170307,3/7/2017,GN 76960,W-PAPU,male,140,41.2,28.4,157,199,20170307,42801,20170326,3/26/2017,alive,19,361,0,,11/8/2017,588,1,dead,1.610958904,,588,1
475,2017,WBC,20170310,3/10/2017,GN 76961,W-PAW,male,161,42,29.9,161,216,20170310,42804,20170625,6/25/2017,alive,107,452,0,,11/8/2017,588,1,dead,1.610958904,,588,1
476,2017,WBC,20170313,3/13/2017,WBC_escapee_A16_2017,NA,female,NA,NA,NA,NA,NA,20170313,42807,20170313,3/13/2017,alive,0,348,0,,11/8/2017,588,1,dead,1.610958904,,588,1
477,2017,BC,20170401,4/1/2017,GN 76963,OALB,female,153,41.6,24.4,184,179,20170401,42826,20170611,6/11/2017,alive,71,796,0,,NA,NA,NA,NA,NA,,796,0
478,2017,BC,20170401,4/1/2017,GN 76962,YAW,male,91,36.7,23,153,169,20170401,42826,20170611,6/11/2017,alive,71,796,0,,NA,NA,NA,NA,NA,,796,0
479,2017,BC,20170419,4/19/2017,GN 76970,PAB,male,92,37.9,23.5,145,150,20170419,42844,20170423,4/23/2017,alive,4,382,0,,NA,NA,NA,NA,NA,,382,0
480,2017,BC,20170420,4/20/2017,GN 76971,OAR,female,164,41.9,26.8,162,177,20170420,42845,20170420,4/20/2017,alive,0,379,0,,NA,NA,NA,NA,NA,,379,0
481,2017,WBC,20170503,5/3/2017,GN 76972,W-LBAP,male,146,40.5,30.3,159,215,20170504,42859,20170629,6/29/2017,alive,56,456,0,,11/8/2017,588,1,dead,1.610958904,,588,1
482,2017,BC,20170516,5/16/2017,GN 76981,LBAP,male,106,42.7,24.3,155,160,20170501,42856,20170608,6/8/2017,alive,38,428,0,,NA,NA,NA,NA,NA,,428,0
483,2017,WBC,20170521,5/21/2017,GN 76982,W-OAPU,female,169,44.7,34.7,166,218,20170501,42856,20180315,3/15/2018,alive,318,715,0,,11/1/2018,946,1,dead,2.591780822,,946,1
484,2017,BC,20170522,5/22/2017,GN 76985,GAG,female,180,44.5,26.6,168,164,20170505,42860,20170522,5/22/2017,alive,17,776,0,,NA,NA,NA,NA,NA,,776,0
485,2017,BC,20170522,5/22/2017,GN 76986,BAPU,male,99,39.4,26.4,153,159,20170505,42860,20170602,6/2/2017,alive,28,422,0,,NA,NA,NA,NA,NA,,422,0
486,2017,BC,20170611,6/11/2017,GN 76999,PUAB,male,92,38.1,25.4,141,140,20170602,42888,20170618,6/18/2017,alive,16,438,0,,NA,NA,NA,NA,NA,,438,0
487,2016,WBC,20160224,2/24/2016,GN 56835,Alu ringed female partner of W RAG,female,NA,NA,NA,NA,NA,20110324,40626,20160428,4/28/2016,alive,1862,1862,0,,10/21/2016,2038,1,dead,5.583561644,,2038,1
488,2012,WBC,20120326,3/26/2012,GN 56850,ALU,male,NA,NA,NA,NA,NA,20110402,40635,20120406,4/6/2012,alive,370,370,0,,10/6/2012,553,1,dead,1.515068493,,553,1
489,2012,WBC,20120102,1/2/2012,GN 56873,NA,female,NA,NA,NA,NA,NA,20110501,40664,20120418,4/18/2012,alive,353,353,0,,10/6/2012,524,1,dead,1.435616438,,524,1
490,2014,WBC,20140303,3/3/2014,GN 56928,NA,male,NA,NA,NA,NA,NA,20130310,41343,20140428,4/28/2014,alive,414,414,0,,10/16/2014,585,1,dead,1.602739726,,585,1
491,2018,BC,20180309,3/9/2018,GN 90551,BALB,female,174,41.1,27.8,180,184,20180309,43168,20180506,5/6/2018,alive,58,760,0,,NA,NA,NA,NA,NA,,760,0
492,2018,WBC,20180309,3/9/2018,GN 90552,W-GAG,male,114,39.8,27.7,158,200,20180309,43168,20190207,2/7/2019,alive,335,679,0,,2/7/2019,679,0,alive,1.860273973,,679,0
493,2018,BC,20180402,4/2/2018,GN 90560,LBAY,female,193,43.8,27.2,179,181,20180402,43192,20180430,4/30/2018,alive,28,754,0,,NA,NA,NA,NA,NA,,754,0
494,2018,BC,20180424,4/24/2018,GN 90570,RAP,male,100,40.6,23.3,156,150,20180424,43214,20180711,7/11/2018,alive,78,461,0,,NA,NA,NA,NA,NA,,461,0
495,2018,BC,20180529,5/29/2018,GN 90575,PAO,male,112,40.3,22.9,143,179,20180529,43249,20180609,6/9/2018,alive,11,429,0,,NA,NA,NA,NA,NA,,429,0
496,2018,BC,20180609,6/9/2018,GN 90581,WAB,female,185,42.4,28.6,178,188,20180609,43260,20180615,6/15/2018,alive,6,435,0,,NA,NA,NA,NA,NA,,435,0
497,2018,BC,20180609,6/9/2018,GN 90582,RAG,male,98,40.2,24.6,138,146,20180609,43260,20180627,6/27/2018,alive,18,447,0,,NA,NA,NA,NA,NA,,447,0
498,2018,BC,20180613,6/13/2018,GN 90585,YAY,male,94,39.4,23.6,151,145,20180613,43264,20180625,6/25/2018,alive,12,445,0,,NA,NA,NA,NA,NA,,445,0
499,2018,BC,20180625,6/25/2018,GN 90590,PUAPU,male,95,39.4,23.8,151,145,20180625,43276,20180625,6/25/2018,alive,0,810,0,,NA,NA,NA,NA,NA,,810,0
500,2018,WBC,20180402,4/2/2018,Tissue_T01_2018,Parent_of_Nst#17 2018,female,NA,NA,NA,NA,NA,20180402,43192,20180402,4/2/2018,dead,0,733,1,,4/2/2018,733,1,dead,2.008219178,,733,1
501,2011,WBC,20110416,4/16/2011,GN 55946,Sired some EPY in Nst 2011-37,male,NA,NA,NA,NA,NA,20100302,40239,20110517,5/17/2011,alive,441,441,0,,9/11/2011,558,1,dead,1.528767123,,558,1
502,2016,WBC,20160414,4/14/2016,GN 76661,mother of Nst 2016-63,female,NA,NA,NA,NA,NA,20140420,41749,20160523,5/23/2016,alive,764,764,0,,10/21/2016,915,1,dead,2.506849315,,915,1
503,2019,WBC,20190217,43513,GN 90594,W-BALB,male,143,42.2,28.2,159,203,20190217,43513,20190619,6/19/2019,alive,122,445,0,,6/19/2019,445,0,alive,1.219178082,,445,0
504,2019,WBC,20190217,43513,GN 90595,W-GAW,female,198,43,29.7,162,207,20190217,43513,20190611,6/11/2019,alive,114,437,0,,6/11/2019,437,0,alive,1.197260274,,437,0
505,2019,WBC,20190217,43513,GN 90596,W-OAG,male,150,41.4,28.4,158,202,20190217,43513,20190619,6/19/2019,alive,122,445,0,,6/19/2019,445,0,alive,1.219178082,,445,0
506,2019,WBC,20190218,43514,GN 90597,W-LBAW,female,185,44.7,31,168,212,20190218,43514,20190410,4/10/2019,dead,51,375,1,,4/10/2019,375,1,dead,1.02739726,,375,1
507,2019,WBC,20190218,43514,GN 90598,W-PUAR,female,189,43.5,29.4,166,208,20190218,43514,20190627,6/27/2019,alive,129,453,0,,6/27/2019,453,0,alive,1.24109589,,453,0
508,2019,WBC,20190220,43516,GN 90599,W-RAR,female,161,42.7,29.8,161,201,20190220,43516,20190623,6/23/2019,alive,123,449,0,,6/23/2019,449,0,alive,1.230136986,,449,0
509,2019,WBC,20190220,43516,GN 90600,W-YAB,male,130,38.8,27.6,159,201,20190220,43516,20190627,6/27/2019,alive,127,453,0,,6/27/2019,453,0,alive,1.24109589,,453,0
510,2019,CTC,20190221,43517,HF 49021,C-OAW,male,288,59.1,38.5,210,234,20190221,43517,20190412,4/12/2019,alive,50,340,0,,4/12/2019,340,0,alive,0.931506849,,340,0
511,2019,CTC,20190225,43521,HF 49022,C-GAY,female,315,58,38,215,238,20190225,43521,20190414,4/14/2019,alive,48,342,0,,4/14/2019,342,0,alive,0.936986301,,342,0
512,2019,CTC,20190225,43521,HF 49023,C-RAW,female,345,60.4,36.8,214,245,20190225,43521,20190515,5/15/2019,alive,79,373,0,,5/15/2019,373,0,alive,1.021917808,,373,0
513,2019,WBC,20190226,43522,GN 90601,W-YALB,female,165,41.7,26.5,159,204,20190226,43522,20190526,5/26/2019,alive,89,421,0,,5/26/2019,421,0,alive,1.153424658,,421,0
514,2019,WBC,20190226,43522,GN 90602,W-BAR,female,178,43.3,30.4,173,213,20190226,43522,20190509,5/9/2019,alive,72,404,0,,5/9/2019,404,0,alive,1.106849315,,404,0
515,2019,WBC,20190303,43527,GN 90606,W-OAO,male,135,40.1,27.5,150,192,20190303,43527,20190619,6/19/2019,alive,108,445,0,,6/19/2019,445,0,alive,1.219178082,,445,0
516,2019,WBC,20190303,43527,GN 90607,W-PAG,male,140,39.2,27.6,157,205,20190303,43527,20190619,6/19/2019,alive,108,445,0,,6/19/2019,445,0,alive,1.219178082,,445,0
517,2019,WBC,20190303,43527,EscapedWBC2019,EscapedWBC2019,male,NA,NA,NA,NA,NA,20190303,43527,20190303,3/3/2019,alive,0,337,0,,3/3/2019,337,0,alive,0.923287671,,337,0
518,2019,WBC,20190305,43529,GN 90608,W-PUAPU,female,171,40.5,28.3,149,205,20190305,43529,20190623,6/23/2019,alive,110,449,0,,6/23/2019,449,0,alive,1.230136986,,449,0
519,2019,WBC,20190305,43529,GN 90609,W-WAW,male,104,38.5,28.8,153,190,20190305,43529,20190418,4/18/2019,dead,44,383,1,,4/18/2019,383,1,dead,1.049315068,,383,1
520,2019,CTC,20190306,43530,HF 49024,C-PUAP,female,315,59.1,39.2,225,230,20190306,43530,20190412,4/12/2019,alive,37,340,0,,4/12/2019,340,0,alive,0.931506849,,340,0
521,2019,CTC,20190307,43531,HF 49025,C-RAY,female,320,60.6,38.7,221,245,20190307,43531,20190424,4/24/2019,alive,48,352,0,,4/24/2019,352,0,alive,0.964383562,,352,0
522,2019,WBC,20190309,43533,GN 90613,W-OAR,male,154,42.1,27.9,164,200,20190309,43533,20190503,5/3/2019,alive,55,398,0,,5/3/2019,398,0,alive,1.090410959,,398,0
523,2019,WBC,20190310,43534,GN 90614,W-YALG,female,167,41.1,26.1,162,196,20190310,43534,20190619,6/19/2019,alive,101,445,0,,6/19/2019,445,0,alive,1.219178082,,445,0
524,2019,WBC,20190513,43598,GN 90622,W-RAO,male,144,40.3,28.6,180,190,20190513,43598,20190601,6/1/2019,alive,19,427,0,,6/1/2019,427,0,alive,1.169863014,,427,0
525,2019,WBC,20190513,43598,GN 90623,W-YAW,male,123,39.4,27.8,155,205,20190513,43598,20190601,6/1/2019,alive,19,427,0,,6/1/2019,427,0,alive,1.169863014,,427,0
